-- 插入接口资源数据
INSERT INTO `sys_background_api` (`id`, `primary_node`, `module`, `parent_permission_code`, `permission_code`, `name`, `path`, `method`, `sort_order`, `en_name`) VALUES ('3a018227-ad5c-23cc-7ae1-020994ab8fc9', 1, NULL, '', 'System', '系统管理', NULL, NULL, 1, 'System management');
INSERT INTO `sys_background_api` (`id`, `primary_node`, `module`, `parent_permission_code`, `permission_code`, `name`, `path`, `method`, `sort_order`, `en_name`) VALUES ('3a018227-ad5e-8010-c0cd-6051c885ec9c', 0, NULL, 'System', 'System.Base', '基础权限', NULL, NULL, 1, 'Basic permissions');
INSERT INTO `sys_background_api` (`id`, `primary_node`, `module`, `parent_permission_code`, `permission_code`, `name`, `path`, `method`, `sort_order`, `en_name`) VALUES ('3a018227-ad5f-80e2-ce04-372d343a3fec', 0, NULL, 'System.Base', 'System.WithToken', '要求Token', NULL, NULL, 1, 'Requirement token');
INSERT INTO `sys_background_api` (`id`, `primary_node`, `module`, `parent_permission_code`, `permission_code`, `name`, `path`, `method`, `sort_order`, `en_name`) VALUES ('3a018227-ad5f-a150-dd60-f3934c621310', 0, NULL, 'System', 'System.User', '用户管理', NULL, NULL, 2, 'User management');
INSERT INTO `sys_background_api` (`id`, `primary_node`, `module`, `parent_permission_code`, `permission_code`, `name`, `path`, `method`, `sort_order`, `en_name`) VALUES ('3a018227-ad60-4bf1-2699-a0240ac4cd58', 0, NULL, 'System.User', 'System.User.Create', '创建', NULL, NULL, 1, 'Create');
INSERT INTO `sys_background_api` (`id`, `primary_node`, `module`, `parent_permission_code`, `permission_code`, `name`, `path`, `method`, `sort_order`, `en_name`) VALUES ('3a018227-ad60-abf6-ed44-e809f9dc0e87', 0, NULL, 'System.User', 'System.User.Delete', '删除', NULL, NULL, 3, 'Delete');
INSERT INTO `sys_background_api` (`id`, `primary_node`, `module`, `parent_permission_code`, `permission_code`, `name`, `path`, `method`, `sort_order`, `en_name`) VALUES ('3a018227-ad60-e32e-83a3-86673c4745dc', 0, NULL, 'System.User', 'System.User.Update', '更新', NULL, NULL, 2, 'Update');
INSERT INTO `sys_background_api` (`id`, `primary_node`, `module`, `parent_permission_code`, `permission_code`, `name`, `path`, `method`, `sort_order`, `en_name`) VALUES ('3a018227-ad61-5008-94a9-3c243e90e5e0', 0, NULL, 'System.User', 'System.User.Export', '导出', NULL, NULL, 4, 'Export');
INSERT INTO `sys_background_api` (`id`, `primary_node`, `module`, `parent_permission_code`, `permission_code`, `name`, `path`, `method`, `sort_order`, `en_name`) VALUES ('3a018227-ad61-dd60-87ea-6404f4dd7fd6', 0, NULL, 'System', 'System.Role', '角色管理', NULL, NULL, 3, 'Role management');
INSERT INTO `sys_background_api` (`id`, `primary_node`, `module`, `parent_permission_code`, `permission_code`, `name`, `path`, `method`, `sort_order`, `en_name`) VALUES ('3a018227-ad62-5fe1-6409-ee0bbde52992', 0, NULL, 'System.Role', 'System.Role.Update', '更新', NULL, NULL, 2, 'Update');
INSERT INTO `sys_background_api` (`id`, `primary_node`, `module`, `parent_permission_code`, `permission_code`, `name`, `path`, `method`, `sort_order`, `en_name`) VALUES ('3a018227-ad62-d662-10d3-1bd4f486b515', 0, NULL, 'System.Role', 'System.Role.Create', '创建', NULL, NULL, 1, 'Create');
INSERT INTO `sys_background_api` (`id`, `primary_node`, `module`, `parent_permission_code`, `permission_code`, `name`, `path`, `method`, `sort_order`, `en_name`) VALUES ('3a018227-ad63-7e40-a6fa-a12841a668ff', 0, NULL, 'System.Role', 'System.Role.Delete', '删除', NULL, NULL, 3, 'Delete');
INSERT INTO `sys_background_api` (`id`, `primary_node`, `module`, `parent_permission_code`, `permission_code`, `name`, `path`, `method`, `sort_order`, `en_name`) VALUES ('3a018227-ad64-354e-122d-5a3d0e5429dd', 0, NULL, 'System.Depart', 'System.Depart.Create', '创建', NULL, NULL, 1, 'Create');
INSERT INTO `sys_background_api` (`id`, `primary_node`, `module`, `parent_permission_code`, `permission_code`, `name`, `path`, `method`, `sort_order`, `en_name`) VALUES ('3a018227-ad64-7e49-11ab-b1ee3d7bd976', 0, NULL, 'System', 'System.Depart', '部门管理', NULL, NULL, 4, 'Depart management');
INSERT INTO `sys_background_api` (`id`, `primary_node`, `module`, `parent_permission_code`, `permission_code`, `name`, `path`, `method`, `sort_order`, `en_name`) VALUES ('3a018227-ad65-0996-9c59-3db39f8cf700', 0, NULL, 'System.Depart', 'System.Depart.Delete', '删除', NULL, NULL, 3, 'Delete');
INSERT INTO `sys_background_api` (`id`, `primary_node`, `module`, `parent_permission_code`, `permission_code`, `name`, `path`, `method`, `sort_order`, `en_name`) VALUES ('3a018227-ad65-d75c-1295-d989bc539003', 0, NULL, 'System.Depart', 'System.Depart.Update', '更新', NULL, NULL, 2, 'Update');
INSERT INTO `sys_background_api` (`id`, `primary_node`, `module`, `parent_permission_code`, `permission_code`, `name`, `path`, `method`, `sort_order`, `en_name`) VALUES ('3a018227-ad68-c2cf-cb96-4696af6e2474', 0, NULL, 'System.Depart', 'System.Depart.QueryUser', '查询用户', NULL, NULL, 4, 'Query user');
INSERT INTO `sys_background_api` (`id`, `primary_node`, `module`, `parent_permission_code`, `permission_code`, `name`, `path`, `method`, `sort_order`, `en_name`) VALUES ('3a018227-ad69-9019-9c95-dcfc1990f4e8', 0, NULL, 'System', 'System.Post', '职务管理', NULL, NULL, 5, 'Post management');
INSERT INTO `sys_background_api` (`id`, `primary_node`, `module`, `parent_permission_code`, `permission_code`, `name`, `path`, `method`, `sort_order`, `en_name`) VALUES ('3a018227-ad6a-6dbb-55b8-4498d6edf12d', 0, NULL, 'System.Post', 'System.Post.Create', '创建', NULL, NULL, 1, 'Create');
INSERT INTO `sys_background_api` (`id`, `primary_node`, `module`, `parent_permission_code`, `permission_code`, `name`, `path`, `method`, `sort_order`, `en_name`) VALUES ('3a018227-ad6b-b135-8dc3-818d293a7ccc', 0, NULL, 'System.Post', 'System.Post.Update', '更新', NULL, NULL, 2, 'Update');
INSERT INTO `sys_background_api` (`id`, `primary_node`, `module`, `parent_permission_code`, `permission_code`, `name`, `path`, `method`, `sort_order`, `en_name`) VALUES ('3a018227-ad6c-0a3e-43f1-0046a5d66529', 0, NULL, 'System.Post', 'System.Post.Delete', '删除', NULL, NULL, 3, 'Delete');
INSERT INTO `sys_background_api` (`id`, `primary_node`, `module`, `parent_permission_code`, `permission_code`, `name`, `path`, `method`, `sort_order`, `en_name`) VALUES ('3a018227-ad6d-2607-76f0-eba8e11abe60', 0, NULL, 'System', 'System.UiPermission', '菜单权限管理', NULL, NULL, 6, 'Menu Permission Management');
INSERT INTO `sys_background_api` (`id`, `primary_node`, `module`, `parent_permission_code`, `permission_code`, `name`, `path`, `method`, `sort_order`, `en_name`) VALUES ('3a018227-ad6e-0009-d22c-e77b501edf18', 0, NULL, 'System.UiPermission', 'System.UiPermission.Update', '更新', NULL, NULL, 2, 'Update');
INSERT INTO `sys_background_api` (`id`, `primary_node`, `module`, `parent_permission_code`, `permission_code`, `name`, `path`, `method`, `sort_order`, `en_name`) VALUES ('3a018227-ad6e-aa1b-fc0f-4443dfa75164', 0, NULL, 'System.UiPermission', 'System.UiPermission.Create', '创建', NULL, NULL, 1, 'Create');
INSERT INTO `sys_background_api` (`id`, `primary_node`, `module`, `parent_permission_code`, `permission_code`, `name`, `path`, `method`, `sort_order`, `en_name`) VALUES ('3a018227-ad6f-81b5-5e13-8d7191dbb283', 0, NULL, 'System.UiPermission', 'System.UiPermission.Delete', '删除', NULL, NULL, 3, 'Delete');
INSERT INTO `sys_background_api` (`id`, `primary_node`, `module`, `parent_permission_code`, `permission_code`, `name`, `path`, `method`, `sort_order`, `en_name`) VALUES ('3a018227-ad6f-cd2d-9bd3-cee7a7f6b45c', 0, NULL, 'System.UiPermission', 'System.UiPermission.RefreshBackgroundApi', '刷新接口资源', NULL, NULL, 4, 'Refresh BackgroundApi');
INSERT INTO `sys_background_api` (`id`, `primary_node`, `module`, `parent_permission_code`, `permission_code`, `name`, `path`, `method`, `sort_order`, `en_name`) VALUES ('3a018227-ad70-3c56-5dda-0d88df66ed3a', 0, NULL, 'System', 'System.Dict', '数据字典管理', NULL, NULL, 7, 'Dict management');
INSERT INTO `sys_background_api` (`id`, `primary_node`, `module`, `parent_permission_code`, `permission_code`, `name`, `path`, `method`, `sort_order`, `en_name`) VALUES ('3a018227-ad70-bec7-2cc1-778fc4ddd127', 0, NULL, 'System.Dict', 'System.Dict.Create', '创建', NULL, NULL, 1, 'Create');
INSERT INTO `sys_background_api` (`id`, `primary_node`, `module`, `parent_permission_code`, `permission_code`, `name`, `path`, `method`, `sort_order`, `en_name`) VALUES ('3a018227-ad71-9a3f-26ed-446b19e38c00', 0, NULL, 'System.Dict', 'System.Dict.Delete', '删除', NULL, NULL, 3, 'Delete');
INSERT INTO `sys_background_api` (`id`, `primary_node`, `module`, `parent_permission_code`, `permission_code`, `name`, `path`, `method`, `sort_order`, `en_name`) VALUES ('3a018227-ad71-f1e0-d64d-dca558a1c60d', 0, NULL, 'System.Dict', 'System.Dict.Update', '更新', NULL, NULL, 2, 'Update');

-- 插入菜单权限
INSERT INTO `sys_ui_permission` (`id`, `parent_id`, `name`, `url`, `component_name`, `component`, `redirect`, `ui_menu_type`, `perms`, `perms_type`, `sort_order`, `icon`, `is_route`, `is_leaf`, `keep_alive`, `hidden`, `description`, `del_flag`, `enabled`, `open_mode`, `extra_properties`, `concurrency_stamp`, `creation_time`, `creator_id`, `last_modification_time`, `last_modifier_id`) VALUES ('3a013578-e543-2667-84d3-0dfa69aac194', '', '系统管理', 'system', NULL, 'layout', '/system/user', 0, NULL, NULL, 1, 'el-icon-setting', 1, 0, 1, 0, NULL, 0, 1, 0, '{}', '0042c80a514c454db76e7eab051384dd', '2022-01-04 12:14:00.000000', '3a0111f1-42fc-fdf1-4a27-5f2b3fefa249', '2022-01-06 14:36:00.000000', '3a01362e-465d-afb3-7646-c310e24df72b');
INSERT INTO `sys_ui_permission` (`id`, `parent_id`, `name`, `url`, `component_name`, `component`, `redirect`, `ui_menu_type`, `perms`, `perms_type`, `sort_order`, `icon`, `is_route`, `is_leaf`, `keep_alive`, `hidden`, `description`, `del_flag`, `enabled`, `open_mode`, `extra_properties`, `concurrency_stamp`, `creation_time`, `creator_id`, `last_modification_time`, `last_modifier_id`) VALUES ('3a013583-d14d-5498-4e0a-0df40587ce80', '3a013578-e543-2667-84d3-0dfa69aac194', '用户管理', 'user', 'User', 'system/user/index', NULL, 1, NULL, NULL, 1, '', 1, 0, 1, 0, NULL, 0, 1, 0, '{}', '41768cbcb57b49aeba0ea018a77c1871', '2022-01-04 12:26:00.000000', '3a0111f1-42fc-fdf1-4a27-5f2b3fefa249', '2022-01-06 14:08:00.000000', '3a0111f1-42fc-fdf1-4a27-5f2b3fefa249');
INSERT INTO `sys_ui_permission` (`id`, `parent_id`, `name`, `url`, `component_name`, `component`, `redirect`, `ui_menu_type`, `perms`, `perms_type`, `sort_order`, `icon`, `is_route`, `is_leaf`, `keep_alive`, `hidden`, `description`, `del_flag`, `enabled`, `open_mode`, `extra_properties`, `concurrency_stamp`, `creation_time`, `creator_id`, `last_modification_time`, `last_modifier_id`) VALUES ('3a013585-87dc-49cf-ddb0-68d4d662db7d', '3a013578-e543-2667-84d3-0dfa69aac194', '角色管理', 'role', 'Role', 'system/role/index', NULL, 1, NULL, NULL, 2, '', 1, 0, 1, 0, NULL, 0, 1, 0, '{}', '61c0dcca10234500b70aaeedab619412', '2022-01-04 12:28:00.000000', '3a0111f1-42fc-fdf1-4a27-5f2b3fefa249', '2022-01-06 14:10:00.000000', '3a0111f1-42fc-fdf1-4a27-5f2b3fefa249');
INSERT INTO `sys_ui_permission` (`id`, `parent_id`, `name`, `url`, `component_name`, `component`, `redirect`, `ui_menu_type`, `perms`, `perms_type`, `sort_order`, `icon`, `is_route`, `is_leaf`, `keep_alive`, `hidden`, `description`, `del_flag`, `enabled`, `open_mode`, `extra_properties`, `concurrency_stamp`, `creation_time`, `creator_id`, `last_modification_time`, `last_modifier_id`) VALUES ('3a013587-4bd8-a505-9ece-2192eccd09c4', '3a013578-e543-2667-84d3-0dfa69aac194', '部门管理', 'depart', 'Depart', 'system/depart/index', NULL, 1, NULL, NULL, 3, '', 1, 0, 1, 0, NULL, 0, 1, 0, '{}', 'bc6c9508469a47d88474b96a31377624', '2022-01-04 12:30:00.000000', '3a0111f1-42fc-fdf1-4a27-5f2b3fefa249', '2022-01-05 08:54:00.000000', '3a0111f1-42fc-fdf1-4a27-5f2b3fefa249');
INSERT INTO `sys_ui_permission` (`id`, `parent_id`, `name`, `url`, `component_name`, `component`, `redirect`, `ui_menu_type`, `perms`, `perms_type`, `sort_order`, `icon`, `is_route`, `is_leaf`, `keep_alive`, `hidden`, `description`, `del_flag`, `enabled`, `open_mode`, `extra_properties`, `concurrency_stamp`, `creation_time`, `creator_id`, `last_modification_time`, `last_modifier_id`) VALUES ('3a013587-eaac-3fbb-bf4a-8aafed602436', '3a013578-e543-2667-84d3-0dfa69aac194', '职务管理', 'post', 'Post', 'system/post/index', NULL, 1, NULL, NULL, 4, '', 1, 0, 1, 0, NULL, 0, 1, 0, '{}', '027d74b5eaf44236bccc2ed7dc0abf80', '2022-01-04 12:31:00.000000', '3a0111f1-42fc-fdf1-4a27-5f2b3fefa249', '2022-01-06 14:14:00.000000', '3a0111f1-42fc-fdf1-4a27-5f2b3fefa249');
INSERT INTO `sys_ui_permission` (`id`, `parent_id`, `name`, `url`, `component_name`, `component`, `redirect`, `ui_menu_type`, `perms`, `perms_type`, `sort_order`, `icon`, `is_route`, `is_leaf`, `keep_alive`, `hidden`, `description`, `del_flag`, `enabled`, `open_mode`, `extra_properties`, `concurrency_stamp`, `creation_time`, `creator_id`, `last_modification_time`, `last_modifier_id`) VALUES ('3a013588-9db6-20b6-df25-789e1c4614a6', '3a013578-e543-2667-84d3-0dfa69aac194', '菜单权限管理', 'uiPermission', 'UiPermission', 'system/ui-permission/index', NULL, 1, NULL, NULL, 5, '', 1, 0, 1, 0, NULL, 0, 1, 0, '{}', '067e458e81444357b2b57738c1209681', '2022-01-04 12:32:00.000000', '3a0111f1-42fc-fdf1-4a27-5f2b3fefa249', '2022-01-06 14:15:00.000000', '3a0111f1-42fc-fdf1-4a27-5f2b3fefa249');
INSERT INTO `sys_ui_permission` (`id`, `parent_id`, `name`, `url`, `component_name`, `component`, `redirect`, `ui_menu_type`, `perms`, `perms_type`, `sort_order`, `icon`, `is_route`, `is_leaf`, `keep_alive`, `hidden`, `description`, `del_flag`, `enabled`, `open_mode`, `extra_properties`, `concurrency_stamp`, `creation_time`, `creator_id`, `last_modification_time`, `last_modifier_id`) VALUES ('3a013612-7936-8a14-0df6-437cf4a17911', '', '百度', 'https://www.baidu.com/', NULL, NULL, NULL, 0, NULL, NULL, 10, 'el-icon-search', 0, 1, 0, 0, NULL, 0, 1, 1, '{}', '9f5ad262a98b42929c1f56aa93edec76', '2022-01-04 15:02:00.000000', '3a0111f1-42fc-fdf1-4a27-5f2b3fefa249', '2022-01-12 14:51:34.445326', '3a0140a0-bedd-2b40-20e3-6e872c7bafd9');
INSERT INTO `sys_ui_permission` (`id`, `parent_id`, `name`, `url`, `component_name`, `component`, `redirect`, `ui_menu_type`, `perms`, `perms_type`, `sort_order`, `icon`, `is_route`, `is_leaf`, `keep_alive`, `hidden`, `description`, `del_flag`, `enabled`, `open_mode`, `extra_properties`, `concurrency_stamp`, `creation_time`, `creator_id`, `last_modification_time`, `last_modifier_id`) VALUES ('3a0139e7-9b04-afdd-30ae-6aa7be65d791', '3a013587-4bd8-a505-9ece-2192eccd09c4', '添加部门', '', NULL, NULL, NULL, 2, 'system:depart:create', NULL, 1, NULL, 0, 1, 0, 0, NULL, 0, 1, 0, '{}', 'c61db4bcf9614f6e8cb6ddac77f83e26', '2022-01-05 08:54:00.000000', '3a0111f1-42fc-fdf1-4a27-5f2b3fefa249', '2022-01-06 14:56:00.000000', '3a0111f1-42fc-fdf1-4a27-5f2b3fefa249');
INSERT INTO `sys_ui_permission` (`id`, `parent_id`, `name`, `url`, `component_name`, `component`, `redirect`, `ui_menu_type`, `perms`, `perms_type`, `sort_order`, `icon`, `is_route`, `is_leaf`, `keep_alive`, `hidden`, `description`, `del_flag`, `enabled`, `open_mode`, `extra_properties`, `concurrency_stamp`, `creation_time`, `creator_id`, `last_modification_time`, `last_modifier_id`) VALUES ('3a0139e7-f33f-c577-251b-1c33d861afd6', '3a013587-4bd8-a505-9ece-2192eccd09c4', '添加下级', NULL, NULL, NULL, NULL, 2, 'system:depart:addSub', NULL, 2, NULL, 0, 1, 0, 0, NULL, 0, 1, 0, '{}', '44958f8df661482bb244e5c9f4da971a', '2022-01-05 08:54:00.000000', '3a0111f1-42fc-fdf1-4a27-5f2b3fefa249', NULL, NULL);
INSERT INTO `sys_ui_permission` (`id`, `parent_id`, `name`, `url`, `component_name`, `component`, `redirect`, `ui_menu_type`, `perms`, `perms_type`, `sort_order`, `icon`, `is_route`, `is_leaf`, `keep_alive`, `hidden`, `description`, `del_flag`, `enabled`, `open_mode`, `extra_properties`, `concurrency_stamp`, `creation_time`, `creator_id`, `last_modification_time`, `last_modifier_id`) VALUES ('3a013a2d-e766-5f5f-fef4-676c4375e75d', '3a013587-4bd8-a505-9ece-2192eccd09c4', '删除', '', NULL, NULL, NULL, 2, 'system:depart:delete', NULL, 3, NULL, 0, 1, 0, 0, NULL, 0, 1, 0, '{}', '4e4add59fc234e04947da4811c54a335', '2022-01-05 10:11:00.000000', '3a01362e-465d-afb3-7646-c310e24df72b', '2022-01-05 10:11:00.000000', '3a01362e-465d-afb3-7646-c310e24df72b');
INSERT INTO `sys_ui_permission` (`id`, `parent_id`, `name`, `url`, `component_name`, `component`, `redirect`, `ui_menu_type`, `perms`, `perms_type`, `sort_order`, `icon`, `is_route`, `is_leaf`, `keep_alive`, `hidden`, `description`, `del_flag`, `enabled`, `open_mode`, `extra_properties`, `concurrency_stamp`, `creation_time`, `creator_id`, `last_modification_time`, `last_modifier_id`) VALUES ('3a013a2e-b543-ab63-8c8b-e14a7092341a', '3a013587-4bd8-a505-9ece-2192eccd09c4', '更新', NULL, NULL, NULL, NULL, 2, 'system:depart:update', NULL, 4, NULL, 0, 1, 0, 0, NULL, 0, 1, 0, '{}', 'a0015bfcfbe74a10a27878e1c726f985', '2022-01-05 10:11:00.000000', '3a01362e-465d-afb3-7646-c310e24df72b', '2022-01-05 11:34:00.000000', '3a0111f1-42fc-fdf1-4a27-5f2b3fefa249');
INSERT INTO `sys_ui_permission` (`id`, `parent_id`, `name`, `url`, `component_name`, `component`, `redirect`, `ui_menu_type`, `perms`, `perms_type`, `sort_order`, `icon`, `is_route`, `is_leaf`, `keep_alive`, `hidden`, `description`, `del_flag`, `enabled`, `open_mode`, `extra_properties`, `concurrency_stamp`, `creation_time`, `creator_id`, `last_modification_time`, `last_modifier_id`) VALUES ('3a013ba5-498b-7187-bba6-dfe5d646eabb', '3a013578-e543-2667-84d3-0dfa69aac194', '数据字典管理', 'dict', 'Dict', 'system/dict/index', NULL, 1, NULL, NULL, 6, NULL, 1, 0, 1, 0, NULL, 0, 1, 0, '{}', '3703cd748cc441ee84821e26dc0695ca', '2022-01-05 17:01:00.000000', '3a01362e-465d-afb3-7646-c310e24df72b', '2022-01-06 14:17:00.000000', '3a0111f1-42fc-fdf1-4a27-5f2b3fefa249');
INSERT INTO `sys_ui_permission` (`id`, `parent_id`, `name`, `url`, `component_name`, `component`, `redirect`, `ui_menu_type`, `perms`, `perms_type`, `sort_order`, `icon`, `is_route`, `is_leaf`, `keep_alive`, `hidden`, `description`, `del_flag`, `enabled`, `open_mode`, `extra_properties`, `concurrency_stamp`, `creation_time`, `creator_id`, `last_modification_time`, `last_modifier_id`) VALUES ('3a013bcf-fb92-2caa-1e8b-b9ed7fc92854', '3a013578-e543-2667-84d3-0dfa69aac194', '数据字典项管理', 'dictItem', 'DictItem', 'system/dict/components/DictItem', NULL, 1, NULL, NULL, 7, NULL, 1, 1, 0, 1, NULL, 0, 1, 0, '{}', '5bf1d7ce5e5d4d43b6ece3f3250a2bfc', '2022-01-05 17:47:00.000000', '3a0111f1-42fc-fdf1-4a27-5f2b3fefa249', '2022-01-06 18:00:27.065703', '3a0140a0-bedd-2b40-20e3-6e872c7bafd9');
INSERT INTO `sys_ui_permission` (`id`, `parent_id`, `name`, `url`, `component_name`, `component`, `redirect`, `ui_menu_type`, `perms`, `perms_type`, `sort_order`, `icon`, `is_route`, `is_leaf`, `keep_alive`, `hidden`, `description`, `del_flag`, `enabled`, `open_mode`, `extra_properties`, `concurrency_stamp`, `creation_time`, `creator_id`, `last_modification_time`, `last_modifier_id`) VALUES ('3a01402d-ba41-ad51-66dd-d03500101eb8', '3a013583-d14d-5498-4e0a-0df40587ce80', '创建', NULL, NULL, NULL, NULL, 2, 'system:user:create', NULL, 1, NULL, 0, 1, 0, 0, NULL, 0, 1, 0, '{}', '1a925e229c2143fb9c1ec736e9d9041f', '2022-01-06 14:08:00.000000', '3a0111f1-42fc-fdf1-4a27-5f2b3fefa249', NULL, NULL);
INSERT INTO `sys_ui_permission` (`id`, `parent_id`, `name`, `url`, `component_name`, `component`, `redirect`, `ui_menu_type`, `perms`, `perms_type`, `sort_order`, `icon`, `is_route`, `is_leaf`, `keep_alive`, `hidden`, `description`, `del_flag`, `enabled`, `open_mode`, `extra_properties`, `concurrency_stamp`, `creation_time`, `creator_id`, `last_modification_time`, `last_modifier_id`) VALUES ('3a01402e-1dd5-d698-3990-1d1efa0a0fc2', '3a013583-d14d-5498-4e0a-0df40587ce80', '更新', NULL, NULL, NULL, NULL, 2, 'system:user:update', NULL, 2, NULL, 0, 1, 0, 0, NULL, 0, 1, 0, '{}', '1fdf70e55be943e0a775ec6e9c5b8b01', '2022-01-06 14:09:00.000000', '3a0111f1-42fc-fdf1-4a27-5f2b3fefa249', NULL, NULL);
INSERT INTO `sys_ui_permission` (`id`, `parent_id`, `name`, `url`, `component_name`, `component`, `redirect`, `ui_menu_type`, `perms`, `perms_type`, `sort_order`, `icon`, `is_route`, `is_leaf`, `keep_alive`, `hidden`, `description`, `del_flag`, `enabled`, `open_mode`, `extra_properties`, `concurrency_stamp`, `creation_time`, `creator_id`, `last_modification_time`, `last_modifier_id`) VALUES ('3a01402e-6e04-1348-0a22-41a19bd70ae0', '3a013583-d14d-5498-4e0a-0df40587ce80', '删除', NULL, NULL, NULL, NULL, 2, 'system:user:delete', NULL, 3, NULL, 0, 1, 0, 0, NULL, 0, 1, 0, '{}', '95b2352d496b46c59fe2aa03fbe91cc9', '2022-01-06 14:09:00.000000', '3a0111f1-42fc-fdf1-4a27-5f2b3fefa249', NULL, NULL);
INSERT INTO `sys_ui_permission` (`id`, `parent_id`, `name`, `url`, `component_name`, `component`, `redirect`, `ui_menu_type`, `perms`, `perms_type`, `sort_order`, `icon`, `is_route`, `is_leaf`, `keep_alive`, `hidden`, `description`, `del_flag`, `enabled`, `open_mode`, `extra_properties`, `concurrency_stamp`, `creation_time`, `creator_id`, `last_modification_time`, `last_modifier_id`) VALUES ('3a01402e-b5bf-9aad-6ac2-88c0d12a64a4', '3a013583-d14d-5498-4e0a-0df40587ce80', '导出', NULL, NULL, NULL, NULL, 2, 'system:user:export', NULL, 4, NULL, 0, 1, 0, 0, NULL, 0, 1, 0, '{}', '0d111e028d8b4bc2be7a50e9bd1d885d', '2022-01-06 14:09:00.000000', '3a0111f1-42fc-fdf1-4a27-5f2b3fefa249', NULL, NULL);
INSERT INTO `sys_ui_permission` (`id`, `parent_id`, `name`, `url`, `component_name`, `component`, `redirect`, `ui_menu_type`, `perms`, `perms_type`, `sort_order`, `icon`, `is_route`, `is_leaf`, `keep_alive`, `hidden`, `description`, `del_flag`, `enabled`, `open_mode`, `extra_properties`, `concurrency_stamp`, `creation_time`, `creator_id`, `last_modification_time`, `last_modifier_id`) VALUES ('3a01402f-d9d6-2caf-9d0d-72deadd1e748', '3a013585-87dc-49cf-ddb0-68d4d662db7d', '创建', NULL, NULL, NULL, NULL, 2, 'system:role:create', NULL, 1, NULL, 0, 1, 0, 0, NULL, 0, 1, 0, '{}', '4757ba1e9fac480ea74dd3a057a1edaa', '2022-01-06 14:10:00.000000', '3a0111f1-42fc-fdf1-4a27-5f2b3fefa249', '2022-01-06 14:11:00.000000', '3a0111f1-42fc-fdf1-4a27-5f2b3fefa249');
INSERT INTO `sys_ui_permission` (`id`, `parent_id`, `name`, `url`, `component_name`, `component`, `redirect`, `ui_menu_type`, `perms`, `perms_type`, `sort_order`, `icon`, `is_route`, `is_leaf`, `keep_alive`, `hidden`, `description`, `del_flag`, `enabled`, `open_mode`, `extra_properties`, `concurrency_stamp`, `creation_time`, `creator_id`, `last_modification_time`, `last_modifier_id`) VALUES ('3a014030-2b01-9fac-2a45-f7543fb3032c', '3a013585-87dc-49cf-ddb0-68d4d662db7d', '更新', NULL, NULL, NULL, NULL, 2, 'system:role:update', NULL, 2, NULL, 0, 1, 0, 0, NULL, 0, 1, 0, '{}', 'a6fd22af6a6040ae985caa485a6d07f2', '2022-01-06 14:11:00.000000', '3a0111f1-42fc-fdf1-4a27-5f2b3fefa249', NULL, NULL);
INSERT INTO `sys_ui_permission` (`id`, `parent_id`, `name`, `url`, `component_name`, `component`, `redirect`, `ui_menu_type`, `perms`, `perms_type`, `sort_order`, `icon`, `is_route`, `is_leaf`, `keep_alive`, `hidden`, `description`, `del_flag`, `enabled`, `open_mode`, `extra_properties`, `concurrency_stamp`, `creation_time`, `creator_id`, `last_modification_time`, `last_modifier_id`) VALUES ('3a014030-bf89-ed6c-3ca1-921560b99c52', '3a013585-87dc-49cf-ddb0-68d4d662db7d', '删除', NULL, NULL, NULL, NULL, 2, 'system:role:delete', NULL, 3, NULL, 0, 1, 0, 0, NULL, 0, 1, 0, '{}', 'ab7fd074955642e4ba9d2b97d66db7d2', '2022-01-06 14:11:00.000000', '3a0111f1-42fc-fdf1-4a27-5f2b3fefa249', NULL, NULL);
INSERT INTO `sys_ui_permission` (`id`, `parent_id`, `name`, `url`, `component_name`, `component`, `redirect`, `ui_menu_type`, `perms`, `perms_type`, `sort_order`, `icon`, `is_route`, `is_leaf`, `keep_alive`, `hidden`, `description`, `del_flag`, `enabled`, `open_mode`, `extra_properties`, `concurrency_stamp`, `creation_time`, `creator_id`, `last_modification_time`, `last_modifier_id`) VALUES ('3a014032-5149-4d8f-55d7-df47e6f1e395', '3a013587-4bd8-a505-9ece-2192eccd09c4', '查看用户', NULL, NULL, NULL, NULL, 2, 'system:depart:queryUser', NULL, 5, NULL, 0, 1, 0, 0, NULL, 0, 1, 0, '{}', '1c67be1791bb41cebc36a85baffa5d90', '2022-01-06 14:13:00.000000', '3a0111f1-42fc-fdf1-4a27-5f2b3fefa249', NULL, NULL);
INSERT INTO `sys_ui_permission` (`id`, `parent_id`, `name`, `url`, `component_name`, `component`, `redirect`, `ui_menu_type`, `perms`, `perms_type`, `sort_order`, `icon`, `is_route`, `is_leaf`, `keep_alive`, `hidden`, `description`, `del_flag`, `enabled`, `open_mode`, `extra_properties`, `concurrency_stamp`, `creation_time`, `creator_id`, `last_modification_time`, `last_modifier_id`) VALUES ('3a014032-b73c-9391-200c-7726c2dac486', '3a013587-eaac-3fbb-bf4a-8aafed602436', '创建', NULL, NULL, NULL, NULL, 2, 'system:post:create', NULL, 1, NULL, 0, 1, 0, 0, NULL, 0, 1, 0, '{}', '27afca5f985e479cbff2d7e72ae41ebc', '2022-01-06 14:14:00.000000', '3a0111f1-42fc-fdf1-4a27-5f2b3fefa249', '2022-01-06 14:57:00.000000', '3a0111f1-42fc-fdf1-4a27-5f2b3fefa249');
INSERT INTO `sys_ui_permission` (`id`, `parent_id`, `name`, `url`, `component_name`, `component`, `redirect`, `ui_menu_type`, `perms`, `perms_type`, `sort_order`, `icon`, `is_route`, `is_leaf`, `keep_alive`, `hidden`, `description`, `del_flag`, `enabled`, `open_mode`, `extra_properties`, `concurrency_stamp`, `creation_time`, `creator_id`, `last_modification_time`, `last_modifier_id`) VALUES ('3a014032-eda7-ba97-bf6b-6a37dfe0f31e', '3a013587-eaac-3fbb-bf4a-8aafed602436', '更新', NULL, NULL, NULL, NULL, 2, 'system:post:update', NULL, 2, NULL, 0, 1, 0, 0, NULL, 0, 1, 0, '{}', '0b44bd7556094dc7b9701ab86be0e2fb', '2022-01-06 14:14:00.000000', '3a0111f1-42fc-fdf1-4a27-5f2b3fefa249', NULL, NULL);
INSERT INTO `sys_ui_permission` (`id`, `parent_id`, `name`, `url`, `component_name`, `component`, `redirect`, `ui_menu_type`, `perms`, `perms_type`, `sort_order`, `icon`, `is_route`, `is_leaf`, `keep_alive`, `hidden`, `description`, `del_flag`, `enabled`, `open_mode`, `extra_properties`, `concurrency_stamp`, `creation_time`, `creator_id`, `last_modification_time`, `last_modifier_id`) VALUES ('3a014033-26ba-1f81-48f7-b3eacef27063', '3a013587-eaac-3fbb-bf4a-8aafed602436', '删除', NULL, NULL, NULL, NULL, 2, 'system:post:delete', NULL, 3, NULL, 0, 1, 0, 0, NULL, 0, 1, 0, '{}', '459e78ba33374638a2cd07e65db2542c', '2022-01-06 14:14:00.000000', '3a0111f1-42fc-fdf1-4a27-5f2b3fefa249', NULL, NULL);
INSERT INTO `sys_ui_permission` (`id`, `parent_id`, `name`, `url`, `component_name`, `component`, `redirect`, `ui_menu_type`, `perms`, `perms_type`, `sort_order`, `icon`, `is_route`, `is_leaf`, `keep_alive`, `hidden`, `description`, `del_flag`, `enabled`, `open_mode`, `extra_properties`, `concurrency_stamp`, `creation_time`, `creator_id`, `last_modification_time`, `last_modifier_id`) VALUES ('3a014033-d09b-2317-260b-1a9103f305e5', '3a013588-9db6-20b6-df25-789e1c4614a6', '创建', NULL, NULL, NULL, NULL, 2, 'system:uiPermission:create', NULL, 1, NULL, 0, 1, 0, 0, NULL, 0, 1, 0, '{}', '052dd5bbd35840a4ba206808a65e7d81', '2022-01-06 14:15:00.000000', '3a0111f1-42fc-fdf1-4a27-5f2b3fefa249', '2022-01-06 14:58:00.000000', '3a0111f1-42fc-fdf1-4a27-5f2b3fefa249');
INSERT INTO `sys_ui_permission` (`id`, `parent_id`, `name`, `url`, `component_name`, `component`, `redirect`, `ui_menu_type`, `perms`, `perms_type`, `sort_order`, `icon`, `is_route`, `is_leaf`, `keep_alive`, `hidden`, `description`, `del_flag`, `enabled`, `open_mode`, `extra_properties`, `concurrency_stamp`, `creation_time`, `creator_id`, `last_modification_time`, `last_modifier_id`) VALUES ('3a014034-0816-f807-2129-06d581c1731a', '3a013588-9db6-20b6-df25-789e1c4614a6', '更新', NULL, NULL, NULL, NULL, 2, 'system:uiPermission:update', NULL, 2, NULL, 0, 1, 0, 0, NULL, 0, 1, 0, '{}', '06f9c75cb8164bbc9f8ba0de5a2eea5f', '2022-01-06 14:15:00.000000', '3a0111f1-42fc-fdf1-4a27-5f2b3fefa249', '2022-01-06 14:16:00.000000', '3a0111f1-42fc-fdf1-4a27-5f2b3fefa249');
INSERT INTO `sys_ui_permission` (`id`, `parent_id`, `name`, `url`, `component_name`, `component`, `redirect`, `ui_menu_type`, `perms`, `perms_type`, `sort_order`, `icon`, `is_route`, `is_leaf`, `keep_alive`, `hidden`, `description`, `del_flag`, `enabled`, `open_mode`, `extra_properties`, `concurrency_stamp`, `creation_time`, `creator_id`, `last_modification_time`, `last_modifier_id`) VALUES ('3a014034-498e-9f82-9418-6add819128bb', '3a013588-9db6-20b6-df25-789e1c4614a6', '删除', NULL, NULL, NULL, NULL, 2, 'system:uiPermission:delete', NULL, 3, NULL, 0, 1, 0, 0, NULL, 0, 1, 0, '{}', 'd862e576311740eca91b962e83fac642', '2022-01-06 14:15:00.000000', '3a0111f1-42fc-fdf1-4a27-5f2b3fefa249', NULL, NULL);
INSERT INTO `sys_ui_permission` (`id`, `parent_id`, `name`, `url`, `component_name`, `component`, `redirect`, `ui_menu_type`, `perms`, `perms_type`, `sort_order`, `icon`, `is_route`, `is_leaf`, `keep_alive`, `hidden`, `description`, `del_flag`, `enabled`, `open_mode`, `extra_properties`, `concurrency_stamp`, `creation_time`, `creator_id`, `last_modification_time`, `last_modifier_id`) VALUES ('3a014034-e61a-05c9-15cf-e0c01f79d933', '3a013588-9db6-20b6-df25-789e1c4614a6', '刷新接口资源', NULL, NULL, NULL, NULL, 2, 'system:uiPermission:refreshBackgroundApi', NULL, 4, NULL, 0, 1, 0, 0, NULL, 0, 1, 0, '{}', 'b169a6e69e664cb6af7b14bd13b9b079', '2022-01-06 14:16:00.000000', '3a0111f1-42fc-fdf1-4a27-5f2b3fefa249', NULL, NULL);
INSERT INTO `sys_ui_permission` (`id`, `parent_id`, `name`, `url`, `component_name`, `component`, `redirect`, `ui_menu_type`, `perms`, `perms_type`, `sort_order`, `icon`, `is_route`, `is_leaf`, `keep_alive`, `hidden`, `description`, `del_flag`, `enabled`, `open_mode`, `extra_properties`, `concurrency_stamp`, `creation_time`, `creator_id`, `last_modification_time`, `last_modifier_id`) VALUES ('3a014035-bdc5-48c6-1c42-9270193d0843', '3a013ba5-498b-7187-bba6-dfe5d646eabb', '创建', NULL, NULL, NULL, NULL, 2, 'system:dict:create', NULL, 1, NULL, 0, 1, 0, 0, NULL, 0, 1, 0, '{}', '04765c2a3e8a4fef8dd21b1385f97bdb', '2022-01-06 14:17:00.000000', '3a0111f1-42fc-fdf1-4a27-5f2b3fefa249', NULL, NULL);
INSERT INTO `sys_ui_permission` (`id`, `parent_id`, `name`, `url`, `component_name`, `component`, `redirect`, `ui_menu_type`, `perms`, `perms_type`, `sort_order`, `icon`, `is_route`, `is_leaf`, `keep_alive`, `hidden`, `description`, `del_flag`, `enabled`, `open_mode`, `extra_properties`, `concurrency_stamp`, `creation_time`, `creator_id`, `last_modification_time`, `last_modifier_id`) VALUES ('3a014036-069f-a593-2cc8-48a8c5b46ce0', '3a013ba5-498b-7187-bba6-dfe5d646eabb', '更新', NULL, NULL, NULL, NULL, 2, 'system:dict:update', NULL, 2, NULL, 0, 1, 0, 0, NULL, 0, 1, 0, '{}', '15aaeb31571e45cabcb75d067aa2023b', '2022-01-06 14:17:00.000000', '3a0111f1-42fc-fdf1-4a27-5f2b3fefa249', NULL, NULL);
INSERT INTO `sys_ui_permission` (`id`, `parent_id`, `name`, `url`, `component_name`, `component`, `redirect`, `ui_menu_type`, `perms`, `perms_type`, `sort_order`, `icon`, `is_route`, `is_leaf`, `keep_alive`, `hidden`, `description`, `del_flag`, `enabled`, `open_mode`, `extra_properties`, `concurrency_stamp`, `creation_time`, `creator_id`, `last_modification_time`, `last_modifier_id`) VALUES ('3a014036-5a8f-56a9-bf5d-f59552469089', '3a013ba5-498b-7187-bba6-dfe5d646eabb', '删除', NULL, NULL, NULL, NULL, 2, 'system:dict:delete', NULL, 3, NULL, 0, 1, 0, 0, NULL, 0, 1, 0, '{}', '87f48ef765854a9da94668c2f99819a8', '2022-01-06 14:18:00.000000', '3a0111f1-42fc-fdf1-4a27-5f2b3fefa249', NULL, NULL);
INSERT INTO `sys_ui_permission` (`id`, `parent_id`, `name`, `url`, `component_name`, `component`, `redirect`, `ui_menu_type`, `perms`, `perms_type`, `sort_order`, `icon`, `is_route`, `is_leaf`, `keep_alive`, `hidden`, `description`, `del_flag`, `enabled`, `open_mode`, `extra_properties`, `concurrency_stamp`, `creation_time`, `creator_id`, `last_modification_time`, `last_modifier_id`) VALUES ('3a0140d7-8b41-8585-0f11-90dd5244eb69', '3a0140da-a047-1be9-edc7-f2154f626de8', '分配运维角色权限', NULL, NULL, NULL, NULL, 2, 'system:role:roleCode1', NULL, 4, NULL, 0, 1, 0, 0, NULL, 0, 1, 0, '{}', '38d0a2da84d34c0b8fb00f5627075836', '2022-01-06 17:14:06.094582', '3a0140a0-bedd-2b40-20e3-6e872c7bafd9', '2022-01-06 17:18:55.643235', '3a0140a0-bedd-2b40-20e3-6e872c7bafd9');
INSERT INTO `sys_ui_permission` (`id`, `parent_id`, `name`, `url`, `component_name`, `component`, `redirect`, `ui_menu_type`, `perms`, `perms_type`, `sort_order`, `icon`, `is_route`, `is_leaf`, `keep_alive`, `hidden`, `description`, `del_flag`, `enabled`, `open_mode`, `extra_properties`, `concurrency_stamp`, `creation_time`, `creator_id`, `last_modification_time`, `last_modifier_id`) VALUES ('3a0140da-a047-1be9-edc7-f2154f626de8', '3a013585-87dc-49cf-ddb0-68d4d662db7d', '角色访问权限', NULL, NULL, NULL, NULL, 2, NULL, NULL, 4, NULL, 0, 0, 0, 0, NULL, 0, 1, 0, '{}', '8cbe2a69a92c43a682dae149953061d1', '2022-01-06 17:17:28.284225', '3a0140a0-bedd-2b40-20e3-6e872c7bafd9', '2022-01-06 17:19:12.986185', '3a0140a0-bedd-2b40-20e3-6e872c7bafd9');

-- 插入菜单权限和接口资源绑定关系数据
INSERT INTO `sys_ui_with_api` (`id`, `ui_permission_id`, `permission_code`) VALUES ('3a014039-21c0-6334-e4cf-7393a6db7798', '3a01402d-ba41-ad51-66dd-d03500101eb8', 'System.User.Create');
INSERT INTO `sys_ui_with_api` (`id`, `ui_permission_id`, `permission_code`) VALUES ('3a014039-3303-d25d-7686-0125a83c4559', '3a01402e-1dd5-d698-3990-1d1efa0a0fc2', 'System.User.Update');
INSERT INTO `sys_ui_with_api` (`id`, `ui_permission_id`, `permission_code`) VALUES ('3a014039-49a7-b392-4e21-f04d2b78224c', '3a01402e-6e04-1348-0a22-41a19bd70ae0', 'System.User.Delete');
INSERT INTO `sys_ui_with_api` (`id`, `ui_permission_id`, `permission_code`) VALUES ('3a014039-5ab3-e4b3-73fc-8bc52bce3742', '3a01402e-b5bf-9aad-6ac2-88c0d12a64a4', 'System.User.Export');
INSERT INTO `sys_ui_with_api` (`id`, `ui_permission_id`, `permission_code`) VALUES ('3a014039-7fac-6740-dc2e-17a94c5379a9', '3a013585-87dc-49cf-ddb0-68d4d662db7d', 'System.Role');
INSERT INTO `sys_ui_with_api` (`id`, `ui_permission_id`, `permission_code`) VALUES ('3a014039-9131-0de4-2c63-81918bb6b161', '3a01402f-d9d6-2caf-9d0d-72deadd1e748', 'System.Role.Create');
INSERT INTO `sys_ui_with_api` (`id`, `ui_permission_id`, `permission_code`) VALUES ('3a014039-a0ec-fc37-f5ac-cbb6b6a0913b', '3a014030-2b01-9fac-2a45-f7543fb3032c', 'System.Role.Update');
INSERT INTO `sys_ui_with_api` (`id`, `ui_permission_id`, `permission_code`) VALUES ('3a014039-b2a9-b0d9-1526-f3c6bd035fd7', '3a014030-bf89-ed6c-3ca1-921560b99c52', 'System.Role.Delete');
INSERT INTO `sys_ui_with_api` (`id`, `ui_permission_id`, `permission_code`) VALUES ('3a01403a-0af1-f8c8-4eb5-d975503d3513', '3a013587-4bd8-a505-9ece-2192eccd09c4', 'System.Depart');
INSERT INTO `sys_ui_with_api` (`id`, `ui_permission_id`, `permission_code`) VALUES ('3a01403a-1fd3-df0f-3ea1-098ff27ee480', '3a0139e7-9b04-afdd-30ae-6aa7be65d791', 'System.Depart.Create');
INSERT INTO `sys_ui_with_api` (`id`, `ui_permission_id`, `permission_code`) VALUES ('3a01403a-32c0-01bf-0c62-47e6c4eac626', '3a0139e7-f33f-c577-251b-1c33d861afd6', 'System.Depart.Create');
INSERT INTO `sys_ui_with_api` (`id`, `ui_permission_id`, `permission_code`) VALUES ('3a01403a-454e-1daa-2f09-e0dd258494c2', '3a013a2d-e766-5f5f-fef4-676c4375e75d', 'System.Depart.Delete');
INSERT INTO `sys_ui_with_api` (`id`, `ui_permission_id`, `permission_code`) VALUES ('3a01403a-5d8d-ffae-b4b7-5d56957a7f49', '3a013a2e-b543-ab63-8c8b-e14a7092341a', 'System.Depart.Update');
INSERT INTO `sys_ui_with_api` (`id`, `ui_permission_id`, `permission_code`) VALUES ('3a01403a-7516-54ed-378a-87b94c1aa58c', '3a014032-5149-4d8f-55d7-df47e6f1e395', 'System.DepartQuery.User');
INSERT INTO `sys_ui_with_api` (`id`, `ui_permission_id`, `permission_code`) VALUES ('3a01403a-9b93-772e-8abf-014dfc0b2a31', '3a013587-eaac-3fbb-bf4a-8aafed602436', 'System.Post');
INSERT INTO `sys_ui_with_api` (`id`, `ui_permission_id`, `permission_code`) VALUES ('3a01403a-a9e0-3dac-f3ba-a1b176f2e2c1', '3a014032-b73c-9391-200c-7726c2dac486', 'System.Post.Create');
INSERT INTO `sys_ui_with_api` (`id`, `ui_permission_id`, `permission_code`) VALUES ('3a01403a-b818-2c3c-a2c3-a9257b639769', '3a014032-eda7-ba97-bf6b-6a37dfe0f31e', 'System.Post.Update');
INSERT INTO `sys_ui_with_api` (`id`, `ui_permission_id`, `permission_code`) VALUES ('3a01403a-c751-6ca1-cb93-1270f983837a', '3a014033-26ba-1f81-48f7-b3eacef27063', 'System.Post.Delete');
INSERT INTO `sys_ui_with_api` (`id`, `ui_permission_id`, `permission_code`) VALUES ('3a01403a-e5c9-ff67-b858-6b0a671bba26', '3a013588-9db6-20b6-df25-789e1c4614a6', 'System.UiPermission');
INSERT INTO `sys_ui_with_api` (`id`, `ui_permission_id`, `permission_code`) VALUES ('3a01403a-f8a9-a8c5-cdea-746bb828f11b', '3a014033-d09b-2317-260b-1a9103f305e5', 'System.UiPermission.Create');
INSERT INTO `sys_ui_with_api` (`id`, `ui_permission_id`, `permission_code`) VALUES ('3a01403b-08b7-ae98-88da-04a027e0d419', '3a014034-0816-f807-2129-06d581c1731a', 'System.UiPermission.Update');
INSERT INTO `sys_ui_with_api` (`id`, `ui_permission_id`, `permission_code`) VALUES ('3a01403b-19c2-412f-6983-14adb5b02f20', '3a014034-498e-9f82-9418-6add819128bb', 'System.UiPermission.Delete');
INSERT INTO `sys_ui_with_api` (`id`, `ui_permission_id`, `permission_code`) VALUES ('3a01403b-28d8-a9ae-7c32-a1639758249c', '3a014034-e61a-05c9-15cf-e0c01f79d933', 'System.UiPermission.RefreshBackgroundApi');
INSERT INTO `sys_ui_with_api` (`id`, `ui_permission_id`, `permission_code`) VALUES ('3a01403b-52a9-4b8b-87e5-01dbd479b92e', '3a013ba5-498b-7187-bba6-dfe5d646eabb', 'System.Dict');
INSERT INTO `sys_ui_with_api` (`id`, `ui_permission_id`, `permission_code`) VALUES ('3a01403b-61a3-3ce5-e391-c2f7443bd27e', '3a014035-bdc5-48c6-1c42-9270193d0843', 'System.Dict.Create');
INSERT INTO `sys_ui_with_api` (`id`, `ui_permission_id`, `permission_code`) VALUES ('3a01403b-7258-15cb-c118-8018b2b4ffa7', '3a014036-069f-a593-2cc8-48a8c5b46ce0', 'System.Dict.Update');
INSERT INTO `sys_ui_with_api` (`id`, `ui_permission_id`, `permission_code`) VALUES ('3a01403b-838e-d460-cb3e-1b615daf574a', '3a014036-5a8f-56a9-bf5d-f59552469089', 'System.Dict.Delete');
INSERT INTO `sys_ui_with_api` (`id`, `ui_permission_id`, `permission_code`) VALUES ('3a01403b-fc2d-c7af-1b3a-e5345e18c4c8', '3a013583-d14d-5498-4e0a-0df40587ce80', 'System.User');
INSERT INTO `sys_ui_with_api` (`id`, `ui_permission_id`, `permission_code`) VALUES ('3a014047-0b7f-47c4-2905-931a8ff31deb', '3a013578-e543-2667-84d3-0dfa69aac194', 'System.WithToken');
INSERT INTO `sys_ui_with_api` (`id`, `ui_permission_id`, `permission_code`) VALUES ('3a014047-0b7f-ea68-a344-f8c2ab92eb20', '3a013578-e543-2667-84d3-0dfa69aac194', 'System.Base');
INSERT INTO `sys_ui_with_api` (`id`, `ui_permission_id`, `permission_code`) VALUES ('3a0140bc-955e-419b-1eb2-fc720afbe808', '3a014032-5149-4d8f-55d7-df47e6f1e395', 'System.Depart.QueryUser');
