-- 插入接口资源数据
INSERT INTO `sys_background_api` (`id`, `primary_node`, `module`, `parent_permission_code`, `permission_code`, `name`, `path`, `method`, `sort_order`, `en_name`, `tenant_id`, `multi_tenancy_sides`) VALUES ('3a01ad15-9499-36fb-d2d7-622a49da2e58', 1, NULL, '', 'Platform', '平台', NULL, NULL, 1, 'Platform', NULL, 2);
INSERT INTO `sys_background_api` (`id`, `primary_node`, `module`, `parent_permission_code`, `permission_code`, `name`, `path`, `method`, `sort_order`, `en_name`, `tenant_id`, `multi_tenancy_sides`) VALUES ('3a01ad15-949a-0297-2726-8fba4f3da298', 0, NULL, 'Platform', 'Platform.Base', '基础权限', NULL, NULL, 1, 'Basic permissions', NULL, 2);
INSERT INTO `sys_background_api` (`id`, `primary_node`, `module`, `parent_permission_code`, `permission_code`, `name`, `path`, `method`, `sort_order`, `en_name`, `tenant_id`, `multi_tenancy_sides`) VALUES ('3a01ad15-949a-033a-319c-9b04de371def', 0, NULL, 'Platform', 'Platform.Tenant', '租户', NULL, NULL, 2, 'Tenant permissions', NULL, 2);
INSERT INTO `sys_background_api` (`id`, `primary_node`, `module`, `parent_permission_code`, `permission_code`, `name`, `path`, `method`, `sort_order`, `en_name`, `tenant_id`, `multi_tenancy_sides`) VALUES ('3a01ad15-949a-559b-1476-60668c533f96', 0, NULL, 'Platform.Base', 'Platform.WithToken', '要求Token', NULL, NULL, 1, 'Requirement token', NULL, 2);
INSERT INTO `sys_background_api` (`id`, `primary_node`, `module`, `parent_permission_code`, `permission_code`, `name`, `path`, `method`, `sort_order`, `en_name`, `tenant_id`, `multi_tenancy_sides`) VALUES ('3a01ad15-949b-0a19-1a00-10ad517f5178', 0, NULL, 'Platform.Tenant', 'Platform.Tenant.Update', '更新', NULL, NULL, 2, 'Update', NULL, 2);
INSERT INTO `sys_background_api` (`id`, `primary_node`, `module`, `parent_permission_code`, `permission_code`, `name`, `path`, `method`, `sort_order`, `en_name`, `tenant_id`, `multi_tenancy_sides`) VALUES ('3a01ad15-949b-40b1-9251-876c6632716f', 0, NULL, 'Platform.Tenant', 'Platform.Tenant.Create', '创建', NULL, NULL, 1, 'Create', NULL, 2);
INSERT INTO `sys_background_api` (`id`, `primary_node`, `module`, `parent_permission_code`, `permission_code`, `name`, `path`, `method`, `sort_order`, `en_name`, `tenant_id`, `multi_tenancy_sides`) VALUES ('3a01ad15-949c-0f3c-9ef9-4257dfc85bb0', 0, NULL, 'Platform.Tenant', 'Platform.Tenant.Delete', '删除', NULL, NULL, 3, 'Delete', NULL, 2);
INSERT INTO `sys_background_api` (`id`, `primary_node`, `module`, `parent_permission_code`, `permission_code`, `name`, `path`, `method`, `sort_order`, `en_name`, `tenant_id`, `multi_tenancy_sides`) VALUES ('3a01ad15-949c-85ed-dfc7-a2a7eb823d4b', 0, NULL, 'Platform', 'Platform.DatabaseConnection', '数据库连接信息', NULL, NULL, 3, 'DatabaseConnection permissions', NULL, 2);
INSERT INTO `sys_background_api` (`id`, `primary_node`, `module`, `parent_permission_code`, `permission_code`, `name`, `path`, `method`, `sort_order`, `en_name`, `tenant_id`, `multi_tenancy_sides`) VALUES ('3a01ad15-949c-be4f-b17d-ab494f8d5479', 0, NULL, 'Platform.DatabaseConnection', 'Platform.DatabaseConnection.Create', '创建', NULL, NULL, 1, 'Create', NULL, 2);
INSERT INTO `sys_background_api` (`id`, `primary_node`, `module`, `parent_permission_code`, `permission_code`, `name`, `path`, `method`, `sort_order`, `en_name`, `tenant_id`, `multi_tenancy_sides`) VALUES ('3a01ad15-949d-65bc-93a6-592afbe87b0c', 0, NULL, 'Platform.DatabaseConnection', 'Platform.DatabaseConnection.Update', '更新', NULL, NULL, 2, 'Update', NULL, 2);
INSERT INTO `sys_background_api` (`id`, `primary_node`, `module`, `parent_permission_code`, `permission_code`, `name`, `path`, `method`, `sort_order`, `en_name`, `tenant_id`, `multi_tenancy_sides`) VALUES ('3a01ad15-949e-4319-37b9-68cd9df4a384', 0, NULL, 'Platform.DatabaseConnection', 'Platform.DatabaseConnection.Delete', '删除', NULL, NULL, 3, 'Delete', NULL, 2);
INSERT INTO `sys_background_api` (`id`, `primary_node`, `module`, `parent_permission_code`, `permission_code`, `name`, `path`, `method`, `sort_order`, `en_name`, `tenant_id`, `multi_tenancy_sides`) VALUES ('3a01ad15-949f-8ac8-54b6-960358189915', 0, NULL, 'System.Base', 'System.WithToken', '要求Token', NULL, NULL, 1, 'Requirement token', NULL, 3);
INSERT INTO `sys_background_api` (`id`, `primary_node`, `module`, `parent_permission_code`, `permission_code`, `name`, `path`, `method`, `sort_order`, `en_name`, `tenant_id`, `multi_tenancy_sides`) VALUES ('3a01ad15-949f-b8a8-4665-586329b5acfb', 0, NULL, 'System', 'System.Base', '基础权限', NULL, NULL, 1, 'Basic permissions', NULL, 3);
INSERT INTO `sys_background_api` (`id`, `primary_node`, `module`, `parent_permission_code`, `permission_code`, `name`, `path`, `method`, `sort_order`, `en_name`, `tenant_id`, `multi_tenancy_sides`) VALUES ('3a01ad15-949f-dfda-b6f5-fb4872ca313e', 1, NULL, '', 'System', '系统管理', NULL, NULL, 2, 'System management', NULL, 3);
INSERT INTO `sys_background_api` (`id`, `primary_node`, `module`, `parent_permission_code`, `permission_code`, `name`, `path`, `method`, `sort_order`, `en_name`, `tenant_id`, `multi_tenancy_sides`) VALUES ('3a01ad15-94a0-8c3e-81a8-6c4aef611e16', 0, NULL, 'System', 'System.User', '用户管理', NULL, NULL, 2, 'User management', NULL, 3);
INSERT INTO `sys_background_api` (`id`, `primary_node`, `module`, `parent_permission_code`, `permission_code`, `name`, `path`, `method`, `sort_order`, `en_name`, `tenant_id`, `multi_tenancy_sides`) VALUES ('3a01ad15-94a0-ae3c-50d2-176cb02e9caa', 0, NULL, 'System.Base', 'System.ChangePassword', '修改密码', NULL, NULL, 2, 'Change password', NULL, 3);
INSERT INTO `sys_background_api` (`id`, `primary_node`, `module`, `parent_permission_code`, `permission_code`, `name`, `path`, `method`, `sort_order`, `en_name`, `tenant_id`, `multi_tenancy_sides`) VALUES ('3a01ad15-94a1-4ab9-364c-99b8418469f5', 0, NULL, 'System.User', 'System.User.Update', '更新', NULL, NULL, 2, 'Update', NULL, 3);
INSERT INTO `sys_background_api` (`id`, `primary_node`, `module`, `parent_permission_code`, `permission_code`, `name`, `path`, `method`, `sort_order`, `en_name`, `tenant_id`, `multi_tenancy_sides`) VALUES ('3a01ad15-94a1-f29e-7daf-c96283912334', 0, NULL, 'System.User', 'System.User.Create', '创建', NULL, NULL, 1, 'Create', NULL, 3);
INSERT INTO `sys_background_api` (`id`, `primary_node`, `module`, `parent_permission_code`, `permission_code`, `name`, `path`, `method`, `sort_order`, `en_name`, `tenant_id`, `multi_tenancy_sides`) VALUES ('3a01ad15-94a2-99f7-464f-5d91bf14492a', 0, NULL, 'System.User', 'System.User.Delete', '删除', NULL, NULL, 3, 'Delete', NULL, 3);
INSERT INTO `sys_background_api` (`id`, `primary_node`, `module`, `parent_permission_code`, `permission_code`, `name`, `path`, `method`, `sort_order`, `en_name`, `tenant_id`, `multi_tenancy_sides`) VALUES ('3a01ad15-94a5-109e-da0c-00919972a37e', 0, NULL, 'System.User', 'System.User.Export', '导出', NULL, NULL, 4, 'Export', NULL, 3);
INSERT INTO `sys_background_api` (`id`, `primary_node`, `module`, `parent_permission_code`, `permission_code`, `name`, `path`, `method`, `sort_order`, `en_name`, `tenant_id`, `multi_tenancy_sides`) VALUES ('3a01ad15-94a6-692a-2da6-77adc76c9cf1', 0, NULL, 'System.User', 'System.User.ResetPassword', '重置密码', NULL, NULL, 6, 'Reset password', NULL, 3);
INSERT INTO `sys_background_api` (`id`, `primary_node`, `module`, `parent_permission_code`, `permission_code`, `name`, `path`, `method`, `sort_order`, `en_name`, `tenant_id`, `multi_tenancy_sides`) VALUES ('3a01ad15-94a6-b184-6a39-cbe21ede9cfe', 0, NULL, 'System.User', 'System.User.Import', '导入', NULL, NULL, 5, 'Import', NULL, 3);
INSERT INTO `sys_background_api` (`id`, `primary_node`, `module`, `parent_permission_code`, `permission_code`, `name`, `path`, `method`, `sort_order`, `en_name`, `tenant_id`, `multi_tenancy_sides`) VALUES ('3a01ad15-94a7-8f31-b0dd-965e9c5432db', 0, NULL, 'System.Role', 'System.Role.Create', '创建', NULL, NULL, 1, 'Create', NULL, 3);
INSERT INTO `sys_background_api` (`id`, `primary_node`, `module`, `parent_permission_code`, `permission_code`, `name`, `path`, `method`, `sort_order`, `en_name`, `tenant_id`, `multi_tenancy_sides`) VALUES ('3a01ad15-94a7-aff2-5dfd-3d0bef527f74', 0, NULL, 'System.Role', 'System.Role.Update', '更新', NULL, NULL, 2, 'Update', NULL, 3);
INSERT INTO `sys_background_api` (`id`, `primary_node`, `module`, `parent_permission_code`, `permission_code`, `name`, `path`, `method`, `sort_order`, `en_name`, `tenant_id`, `multi_tenancy_sides`) VALUES ('3a01ad15-94a7-b15c-6ede-55a6517f9c02', 0, NULL, 'System', 'System.Role', '角色管理', NULL, NULL, 3, 'Role management', NULL, 3);
INSERT INTO `sys_background_api` (`id`, `primary_node`, `module`, `parent_permission_code`, `permission_code`, `name`, `path`, `method`, `sort_order`, `en_name`, `tenant_id`, `multi_tenancy_sides`) VALUES ('3a01ad15-94a8-4914-b0dc-222d3cc1b6ff', 0, NULL, 'System', 'System.Depart', '部门管理', NULL, NULL, 4, 'Depart management', NULL, 3);
INSERT INTO `sys_background_api` (`id`, `primary_node`, `module`, `parent_permission_code`, `permission_code`, `name`, `path`, `method`, `sort_order`, `en_name`, `tenant_id`, `multi_tenancy_sides`) VALUES ('3a01ad15-94a8-b130-4d7b-bef5dbf8ef8e', 0, NULL, 'System.Role', 'System.Role.Delete', '删除', NULL, NULL, 3, 'Delete', NULL, 3);
INSERT INTO `sys_background_api` (`id`, `primary_node`, `module`, `parent_permission_code`, `permission_code`, `name`, `path`, `method`, `sort_order`, `en_name`, `tenant_id`, `multi_tenancy_sides`) VALUES ('3a01ad15-94a9-dd33-4a83-dfdaa3f5c913', 0, NULL, 'System.Depart', 'System.Depart.Update', '更新', NULL, NULL, 2, 'Update', NULL, 3);
INSERT INTO `sys_background_api` (`id`, `primary_node`, `module`, `parent_permission_code`, `permission_code`, `name`, `path`, `method`, `sort_order`, `en_name`, `tenant_id`, `multi_tenancy_sides`) VALUES ('3a01ad15-94a9-e79b-0cee-756ed189f9b0', 0, NULL, 'System.Depart', 'System.Depart.Create', '创建', NULL, NULL, 1, 'Create', NULL, 3);
INSERT INTO `sys_background_api` (`id`, `primary_node`, `module`, `parent_permission_code`, `permission_code`, `name`, `path`, `method`, `sort_order`, `en_name`, `tenant_id`, `multi_tenancy_sides`) VALUES ('3a01ad15-94a9-f3d6-0a0d-40940bdd1540', 0, NULL, 'System.Depart', 'System.Depart.Delete', '删除', NULL, NULL, 3, 'Delete', NULL, 3);
INSERT INTO `sys_background_api` (`id`, `primary_node`, `module`, `parent_permission_code`, `permission_code`, `name`, `path`, `method`, `sort_order`, `en_name`, `tenant_id`, `multi_tenancy_sides`) VALUES ('3a01ad15-94aa-33b5-efd4-1d21f821ce07', 0, NULL, 'System', 'System.Post', '职务管理', NULL, NULL, 5, 'Post management', NULL, 3);
INSERT INTO `sys_background_api` (`id`, `primary_node`, `module`, `parent_permission_code`, `permission_code`, `name`, `path`, `method`, `sort_order`, `en_name`, `tenant_id`, `multi_tenancy_sides`) VALUES ('3a01ad15-94aa-e8fc-b641-1d8cef2199ef', 0, NULL, 'System.Post', 'System.Post.Create', '创建', NULL, NULL, 1, 'Create', NULL, 3);
INSERT INTO `sys_background_api` (`id`, `primary_node`, `module`, `parent_permission_code`, `permission_code`, `name`, `path`, `method`, `sort_order`, `en_name`, `tenant_id`, `multi_tenancy_sides`) VALUES ('3a01ad15-94aa-fb40-1e28-fe2f74e97949', 0, NULL, 'System.Depart', 'System.Depart.QueryUser', '查询用户', NULL, NULL, 4, 'Query user', NULL, 3);
INSERT INTO `sys_background_api` (`id`, `primary_node`, `module`, `parent_permission_code`, `permission_code`, `name`, `path`, `method`, `sort_order`, `en_name`, `tenant_id`, `multi_tenancy_sides`) VALUES ('3a01ad15-94ab-6380-2843-d1d7a010abe3', 0, NULL, 'System.Post', 'System.Post.Update', '更新', NULL, NULL, 2, 'Update', NULL, 3);
INSERT INTO `sys_background_api` (`id`, `primary_node`, `module`, `parent_permission_code`, `permission_code`, `name`, `path`, `method`, `sort_order`, `en_name`, `tenant_id`, `multi_tenancy_sides`) VALUES ('3a01ad15-94ab-bcdc-b734-ca976ada7b88', 0, NULL, 'System.Post', 'System.Post.Delete', '删除', NULL, NULL, 3, 'Delete', NULL, 3);
INSERT INTO `sys_background_api` (`id`, `primary_node`, `module`, `parent_permission_code`, `permission_code`, `name`, `path`, `method`, `sort_order`, `en_name`, `tenant_id`, `multi_tenancy_sides`) VALUES ('3a01ad15-94ac-4099-e72a-63874976d575', 0, NULL, 'System', 'System.UiPermission', '菜单权限管理', NULL, NULL, 6, 'Menu Permission Management', NULL, 3);
INSERT INTO `sys_background_api` (`id`, `primary_node`, `module`, `parent_permission_code`, `permission_code`, `name`, `path`, `method`, `sort_order`, `en_name`, `tenant_id`, `multi_tenancy_sides`) VALUES ('3a01ad15-94ac-728d-4e24-ea011f78bc05', 0, NULL, 'System.UiPermission', 'System.UiPermission.Update', '更新', NULL, NULL, 2, 'Update', NULL, 3);
INSERT INTO `sys_background_api` (`id`, `primary_node`, `module`, `parent_permission_code`, `permission_code`, `name`, `path`, `method`, `sort_order`, `en_name`, `tenant_id`, `multi_tenancy_sides`) VALUES ('3a01ad15-94ac-c5a1-cbb8-e559b8cffbec', 0, NULL, 'System.UiPermission', 'System.UiPermission.Create', '创建', NULL, NULL, 1, 'Create', NULL, 3);
INSERT INTO `sys_background_api` (`id`, `primary_node`, `module`, `parent_permission_code`, `permission_code`, `name`, `path`, `method`, `sort_order`, `en_name`, `tenant_id`, `multi_tenancy_sides`) VALUES ('3a01ad15-94ad-bff3-eab6-cd18cc0dad27', 0, NULL, 'System.UiPermission', 'System.UiPermission.Delete', '删除', NULL, NULL, 3, 'Delete', NULL, 3);
INSERT INTO `sys_background_api` (`id`, `primary_node`, `module`, `parent_permission_code`, `permission_code`, `name`, `path`, `method`, `sort_order`, `en_name`, `tenant_id`, `multi_tenancy_sides`) VALUES ('3a01ad15-94ad-cac2-f879-2b2b1cb560ef', 0, NULL, 'System.UiPermission', 'System.UiPermission.RefreshBackgroundApi', '刷新接口资源', NULL, NULL, 4, 'Refresh BackgroundApi', NULL, 3);
INSERT INTO `sys_background_api` (`id`, `primary_node`, `module`, `parent_permission_code`, `permission_code`, `name`, `path`, `method`, `sort_order`, `en_name`, `tenant_id`, `multi_tenancy_sides`) VALUES ('3a01ad15-94ae-61bd-646c-f8cc6747bfe0', 0, NULL, 'System', 'System.Dict', '数据字典管理', NULL, NULL, 7, 'Dict management', NULL, 3);
INSERT INTO `sys_background_api` (`id`, `primary_node`, `module`, `parent_permission_code`, `permission_code`, `name`, `path`, `method`, `sort_order`, `en_name`, `tenant_id`, `multi_tenancy_sides`) VALUES ('3a01ad15-94ae-aa2a-d3ae-4a92f6258f72', 0, NULL, 'System.Dict', 'System.Dict.Update', '更新', NULL, NULL, 2, 'Update', NULL, 3);
INSERT INTO `sys_background_api` (`id`, `primary_node`, `module`, `parent_permission_code`, `permission_code`, `name`, `path`, `method`, `sort_order`, `en_name`, `tenant_id`, `multi_tenancy_sides`) VALUES ('3a01ad15-94ae-afa5-816b-318855600e95', 0, NULL, 'System.Dict', 'System.Dict.Create', '创建', NULL, NULL, 1, 'Create', NULL, 3);
INSERT INTO `sys_background_api` (`id`, `primary_node`, `module`, `parent_permission_code`, `permission_code`, `name`, `path`, `method`, `sort_order`, `en_name`, `tenant_id`, `multi_tenancy_sides`) VALUES ('3a01ad15-94af-b3b9-6008-1b32340978ae', 0, NULL, 'System.Dict', 'System.Dict.Delete', '删除', NULL, NULL, 3, 'Delete', NULL, 3);

-- 插入菜单权限
INSERT INTO `sys_ui_permission` (`id`, `parent_id`, `name`, `url`, `component_name`, `component`, `redirect`, `ui_menu_type`, `perms`, `perms_type`, `sort_order`, `icon`, `is_route`, `is_leaf`, `keep_alive`, `hidden`, `description`, `enabled`, `open_mode`, `extra_properties`, `concurrency_stamp`, `creation_time`, `creator_id`, `last_modification_time`, `last_modifier_id`, `deleter_id`, `deletion_time`, `is_deleted`, `en_name`, `tenant_id`, `multi_tenancy_sides`) VALUES ('3a013578-e543-2667-84d3-0dfa69aac194', '', '系统管理', 'system', NULL, 'layout', '/system/user', 0, NULL, NULL, 2, 'el-icon-setting', 1, 0, 1, 0, NULL, 1, 0, '{}', '8a0d0e2bbeae4c07a61938b38a80d5b6', '2022-01-04 12:14:00.000000', '3a0111f1-42fc-fdf1-4a27-5f2b3fefa249', '2022-01-22 16:36:14.236411', '3a018e25-22d7-58f1-0934-ef70fc61448e', NULL, NULL, 0, 'System manage', NULL, 3);
INSERT INTO `sys_ui_permission` (`id`, `parent_id`, `name`, `url`, `component_name`, `component`, `redirect`, `ui_menu_type`, `perms`, `perms_type`, `sort_order`, `icon`, `is_route`, `is_leaf`, `keep_alive`, `hidden`, `description`, `enabled`, `open_mode`, `extra_properties`, `concurrency_stamp`, `creation_time`, `creator_id`, `last_modification_time`, `last_modifier_id`, `deleter_id`, `deletion_time`, `is_deleted`, `en_name`, `tenant_id`, `multi_tenancy_sides`) VALUES ('3a013583-d14d-5498-4e0a-0df40587ce80', '3a013578-e543-2667-84d3-0dfa69aac194', '用户管理', 'user', 'User', 'system/user/index', NULL, 1, NULL, NULL, 3, '', 1, 0, 1, 0, NULL, 1, 0, '{}', '667fff1ee5d9463a8839f7c8b3b01f08', '2022-01-04 12:26:00.000000', '3a0111f1-42fc-fdf1-4a27-5f2b3fefa249', '2022-01-21 18:07:00.332817', '3a018e25-22d7-58f1-0934-ef70fc61448e', NULL, NULL, 0, 'User', NULL, 3);
INSERT INTO `sys_ui_permission` (`id`, `parent_id`, `name`, `url`, `component_name`, `component`, `redirect`, `ui_menu_type`, `perms`, `perms_type`, `sort_order`, `icon`, `is_route`, `is_leaf`, `keep_alive`, `hidden`, `description`, `enabled`, `open_mode`, `extra_properties`, `concurrency_stamp`, `creation_time`, `creator_id`, `last_modification_time`, `last_modifier_id`, `deleter_id`, `deletion_time`, `is_deleted`, `en_name`, `tenant_id`, `multi_tenancy_sides`) VALUES ('3a013585-87dc-49cf-ddb0-68d4d662db7d', '3a013578-e543-2667-84d3-0dfa69aac194', '角色管理', 'role', 'Role', 'system/role/index', NULL, 1, NULL, NULL, 5, '', 1, 0, 1, 0, NULL, 1, 0, '{}', 'b8a5766725a94c3f8c21b76296fc1b5f', '2022-01-04 12:28:00.000000', '3a0111f1-42fc-fdf1-4a27-5f2b3fefa249', '2022-01-21 18:08:19.525378', '3a018e25-22d7-58f1-0934-ef70fc61448e', NULL, NULL, 0, 'Role', NULL, 3);
INSERT INTO `sys_ui_permission` (`id`, `parent_id`, `name`, `url`, `component_name`, `component`, `redirect`, `ui_menu_type`, `perms`, `perms_type`, `sort_order`, `icon`, `is_route`, `is_leaf`, `keep_alive`, `hidden`, `description`, `enabled`, `open_mode`, `extra_properties`, `concurrency_stamp`, `creation_time`, `creator_id`, `last_modification_time`, `last_modifier_id`, `deleter_id`, `deletion_time`, `is_deleted`, `en_name`, `tenant_id`, `multi_tenancy_sides`) VALUES ('3a013587-4bd8-a505-9ece-2192eccd09c4', '3a013578-e543-2667-84d3-0dfa69aac194', '部门管理', 'depart', 'Depart', 'system/depart/index', NULL, 1, NULL, NULL, 4, '', 1, 0, 1, 0, NULL, 1, 0, '{}', '49af5778a4c547eab60e53150e3b1dfb', '2022-01-04 12:30:00.000000', '3a0111f1-42fc-fdf1-4a27-5f2b3fefa249', '2022-01-21 18:07:31.407926', '3a018e25-22d7-58f1-0934-ef70fc61448e', NULL, NULL, 0, 'Department', NULL, 3);
INSERT INTO `sys_ui_permission` (`id`, `parent_id`, `name`, `url`, `component_name`, `component`, `redirect`, `ui_menu_type`, `perms`, `perms_type`, `sort_order`, `icon`, `is_route`, `is_leaf`, `keep_alive`, `hidden`, `description`, `enabled`, `open_mode`, `extra_properties`, `concurrency_stamp`, `creation_time`, `creator_id`, `last_modification_time`, `last_modifier_id`, `deleter_id`, `deletion_time`, `is_deleted`, `en_name`, `tenant_id`, `multi_tenancy_sides`) VALUES ('3a013587-eaac-3fbb-bf4a-8aafed602436', '3a013578-e543-2667-84d3-0dfa69aac194', '职务管理', 'post', 'Post', 'system/post/index', NULL, 1, NULL, NULL, 6, '', 1, 0, 1, 0, NULL, 1, 0, '{}', '864053491c07487c9e95738b790ea989', '2022-01-04 12:31:00.000000', '3a0111f1-42fc-fdf1-4a27-5f2b3fefa249', '2022-01-21 18:08:04.987680', '3a018e25-22d7-58f1-0934-ef70fc61448e', NULL, NULL, 0, 'Post', NULL, 3);
INSERT INTO `sys_ui_permission` (`id`, `parent_id`, `name`, `url`, `component_name`, `component`, `redirect`, `ui_menu_type`, `perms`, `perms_type`, `sort_order`, `icon`, `is_route`, `is_leaf`, `keep_alive`, `hidden`, `description`, `enabled`, `open_mode`, `extra_properties`, `concurrency_stamp`, `creation_time`, `creator_id`, `last_modification_time`, `last_modifier_id`, `deleter_id`, `deletion_time`, `is_deleted`, `en_name`, `tenant_id`, `multi_tenancy_sides`) VALUES ('3a013588-9db6-20b6-df25-789e1c4614a6', '3a013578-e543-2667-84d3-0dfa69aac194', '菜单权限管理', 'uiPermission', 'UiPermission', 'system/ui-permission/index', NULL, 1, NULL, NULL, 7, '', 1, 0, 1, 0, NULL, 1, 0, '{}', '0ca08582290e40029f017459f499daf6', '2022-01-04 12:32:00.000000', '3a0111f1-42fc-fdf1-4a27-5f2b3fefa249', '2022-01-21 18:07:57.170777', '3a018e25-22d7-58f1-0934-ef70fc61448e', NULL, NULL, 0, 'Menu permission', NULL, 3);
INSERT INTO `sys_ui_permission` (`id`, `parent_id`, `name`, `url`, `component_name`, `component`, `redirect`, `ui_menu_type`, `perms`, `perms_type`, `sort_order`, `icon`, `is_route`, `is_leaf`, `keep_alive`, `hidden`, `description`, `enabled`, `open_mode`, `extra_properties`, `concurrency_stamp`, `creation_time`, `creator_id`, `last_modification_time`, `last_modifier_id`, `deleter_id`, `deletion_time`, `is_deleted`, `en_name`, `tenant_id`, `multi_tenancy_sides`) VALUES ('3a013612-7936-8a14-0df6-437cf4a17911', '', '百度', 'https://www.baidu.com/', NULL, NULL, NULL, 0, NULL, NULL, 99, 'el-icon-search', 0, 1, 0, 0, NULL, 1, 1, '{}', '92bb16c964f048bfb17f058998d39150', '2022-01-04 15:02:00.000000', '3a0111f1-42fc-fdf1-4a27-5f2b3fefa249', '2022-01-26 14:37:16.257491', '3a018e25-22d7-58f1-0934-ef70fc61448e', NULL, NULL, 0, 'Baidu', NULL, 3);
INSERT INTO `sys_ui_permission` (`id`, `parent_id`, `name`, `url`, `component_name`, `component`, `redirect`, `ui_menu_type`, `perms`, `perms_type`, `sort_order`, `icon`, `is_route`, `is_leaf`, `keep_alive`, `hidden`, `description`, `enabled`, `open_mode`, `extra_properties`, `concurrency_stamp`, `creation_time`, `creator_id`, `last_modification_time`, `last_modifier_id`, `deleter_id`, `deletion_time`, `is_deleted`, `en_name`, `tenant_id`, `multi_tenancy_sides`) VALUES ('3a0139e7-9b04-afdd-30ae-6aa7be65d791', '3a013587-4bd8-a505-9ece-2192eccd09c4', '添加部门', '', NULL, NULL, NULL, 2, 'system:depart:create', NULL, 1, NULL, 0, 1, 0, 0, NULL, 1, 0, '{}', 'c61db4bcf9614f6e8cb6ddac77f83e26', '2022-01-05 08:54:00.000000', '3a0111f1-42fc-fdf1-4a27-5f2b3fefa249', '2022-01-06 14:56:00.000000', '3a0111f1-42fc-fdf1-4a27-5f2b3fefa249', NULL, NULL, 0, 'Add the department', NULL, 3);
INSERT INTO `sys_ui_permission` (`id`, `parent_id`, `name`, `url`, `component_name`, `component`, `redirect`, `ui_menu_type`, `perms`, `perms_type`, `sort_order`, `icon`, `is_route`, `is_leaf`, `keep_alive`, `hidden`, `description`, `enabled`, `open_mode`, `extra_properties`, `concurrency_stamp`, `creation_time`, `creator_id`, `last_modification_time`, `last_modifier_id`, `deleter_id`, `deletion_time`, `is_deleted`, `en_name`, `tenant_id`, `multi_tenancy_sides`) VALUES ('3a0139e7-f33f-c577-251b-1c33d861afd6', '3a013587-4bd8-a505-9ece-2192eccd09c4', '添加下级', NULL, NULL, NULL, NULL, 2, 'system:depart:addSub', NULL, 2, NULL, 0, 1, 0, 0, NULL, 1, 0, '{}', '44958f8df661482bb244e5c9f4da971a', '2022-01-05 08:54:00.000000', '3a0111f1-42fc-fdf1-4a27-5f2b3fefa249', NULL, NULL, NULL, NULL, 0, 'Add the lower', NULL, 3);
INSERT INTO `sys_ui_permission` (`id`, `parent_id`, `name`, `url`, `component_name`, `component`, `redirect`, `ui_menu_type`, `perms`, `perms_type`, `sort_order`, `icon`, `is_route`, `is_leaf`, `keep_alive`, `hidden`, `description`, `enabled`, `open_mode`, `extra_properties`, `concurrency_stamp`, `creation_time`, `creator_id`, `last_modification_time`, `last_modifier_id`, `deleter_id`, `deletion_time`, `is_deleted`, `en_name`, `tenant_id`, `multi_tenancy_sides`) VALUES ('3a013a2d-e766-5f5f-fef4-676c4375e75d', '3a013587-4bd8-a505-9ece-2192eccd09c4', '删除', '', NULL, NULL, NULL, 2, 'system:depart:delete', NULL, 3, NULL, 0, 1, 0, 0, NULL, 1, 0, '{}', '4e4add59fc234e04947da4811c54a335', '2022-01-05 10:11:00.000000', '3a01362e-465d-afb3-7646-c310e24df72b', '2022-01-05 10:11:00.000000', '3a01362e-465d-afb3-7646-c310e24df72b', NULL, NULL, 0, 'Delete', NULL, 3);
INSERT INTO `sys_ui_permission` (`id`, `parent_id`, `name`, `url`, `component_name`, `component`, `redirect`, `ui_menu_type`, `perms`, `perms_type`, `sort_order`, `icon`, `is_route`, `is_leaf`, `keep_alive`, `hidden`, `description`, `enabled`, `open_mode`, `extra_properties`, `concurrency_stamp`, `creation_time`, `creator_id`, `last_modification_time`, `last_modifier_id`, `deleter_id`, `deletion_time`, `is_deleted`, `en_name`, `tenant_id`, `multi_tenancy_sides`) VALUES ('3a013a2e-b543-ab63-8c8b-e14a7092341a', '3a013587-4bd8-a505-9ece-2192eccd09c4', '更新', NULL, NULL, NULL, NULL, 2, 'system:depart:update', NULL, 4, NULL, 0, 1, 0, 0, NULL, 1, 0, '{}', 'a0015bfcfbe74a10a27878e1c726f985', '2022-01-05 10:11:00.000000', '3a01362e-465d-afb3-7646-c310e24df72b', '2022-01-05 11:34:00.000000', '3a0111f1-42fc-fdf1-4a27-5f2b3fefa249', NULL, NULL, 0, 'Update', NULL, 3);
INSERT INTO `sys_ui_permission` (`id`, `parent_id`, `name`, `url`, `component_name`, `component`, `redirect`, `ui_menu_type`, `perms`, `perms_type`, `sort_order`, `icon`, `is_route`, `is_leaf`, `keep_alive`, `hidden`, `description`, `enabled`, `open_mode`, `extra_properties`, `concurrency_stamp`, `creation_time`, `creator_id`, `last_modification_time`, `last_modifier_id`, `deleter_id`, `deletion_time`, `is_deleted`, `en_name`, `tenant_id`, `multi_tenancy_sides`) VALUES ('3a013ba5-498b-7187-bba6-dfe5d646eabb', '3a013578-e543-2667-84d3-0dfa69aac194', '数据字典管理', 'dict', 'Dict', 'system/dict/index', NULL, 1, NULL, NULL, 8, NULL, 1, 0, 1, 0, NULL, 1, 0, '{}', '0e74a1c16b364795a292b44f38f7e267', '2022-01-05 17:01:00.000000', '3a01362e-465d-afb3-7646-c310e24df72b', '2022-01-21 18:07:50.690511', '3a018e25-22d7-58f1-0934-ef70fc61448e', NULL, NULL, 0, 'Dict', NULL, 3);
INSERT INTO `sys_ui_permission` (`id`, `parent_id`, `name`, `url`, `component_name`, `component`, `redirect`, `ui_menu_type`, `perms`, `perms_type`, `sort_order`, `icon`, `is_route`, `is_leaf`, `keep_alive`, `hidden`, `description`, `enabled`, `open_mode`, `extra_properties`, `concurrency_stamp`, `creation_time`, `creator_id`, `last_modification_time`, `last_modifier_id`, `deleter_id`, `deletion_time`, `is_deleted`, `en_name`, `tenant_id`, `multi_tenancy_sides`) VALUES ('3a013bcf-fb92-2caa-1e8b-b9ed7fc92854', '3a013578-e543-2667-84d3-0dfa69aac194', '数据字典项管理', 'dictItem', 'DictItem', 'system/dict/components/DictItem', NULL, 1, NULL, NULL, 9, NULL, 1, 1, 0, 1, NULL, 1, 0, '{}', '6b495050f8df4b8399b025fd6cfc1c2e', '2022-01-05 17:47:00.000000', '3a0111f1-42fc-fdf1-4a27-5f2b3fefa249', '2022-01-21 18:07:42.904477', '3a018e25-22d7-58f1-0934-ef70fc61448e', NULL, NULL, 0, 'Dict item', NULL, 3);
INSERT INTO `sys_ui_permission` (`id`, `parent_id`, `name`, `url`, `component_name`, `component`, `redirect`, `ui_menu_type`, `perms`, `perms_type`, `sort_order`, `icon`, `is_route`, `is_leaf`, `keep_alive`, `hidden`, `description`, `enabled`, `open_mode`, `extra_properties`, `concurrency_stamp`, `creation_time`, `creator_id`, `last_modification_time`, `last_modifier_id`, `deleter_id`, `deletion_time`, `is_deleted`, `en_name`, `tenant_id`, `multi_tenancy_sides`) VALUES ('3a01402d-ba41-ad51-66dd-d03500101eb8', '3a013583-d14d-5498-4e0a-0df40587ce80', '创建', NULL, NULL, NULL, NULL, 2, 'system:user:create', NULL, 1, NULL, 0, 1, 0, 0, NULL, 1, 0, '{}', '1a925e229c2143fb9c1ec736e9d9041f', '2022-01-06 14:08:00.000000', '3a0111f1-42fc-fdf1-4a27-5f2b3fefa249', NULL, NULL, NULL, NULL, 0, 'Create', NULL, 3);
INSERT INTO `sys_ui_permission` (`id`, `parent_id`, `name`, `url`, `component_name`, `component`, `redirect`, `ui_menu_type`, `perms`, `perms_type`, `sort_order`, `icon`, `is_route`, `is_leaf`, `keep_alive`, `hidden`, `description`, `enabled`, `open_mode`, `extra_properties`, `concurrency_stamp`, `creation_time`, `creator_id`, `last_modification_time`, `last_modifier_id`, `deleter_id`, `deletion_time`, `is_deleted`, `en_name`, `tenant_id`, `multi_tenancy_sides`) VALUES ('3a01402e-1dd5-d698-3990-1d1efa0a0fc2', '3a013583-d14d-5498-4e0a-0df40587ce80', '更新', NULL, NULL, NULL, NULL, 2, 'system:user:update', NULL, 2, NULL, 0, 1, 0, 0, NULL, 1, 0, '{}', '1fdf70e55be943e0a775ec6e9c5b8b01', '2022-01-06 14:09:00.000000', '3a0111f1-42fc-fdf1-4a27-5f2b3fefa249', NULL, NULL, NULL, NULL, 0, 'Update', NULL, 3);
INSERT INTO `sys_ui_permission` (`id`, `parent_id`, `name`, `url`, `component_name`, `component`, `redirect`, `ui_menu_type`, `perms`, `perms_type`, `sort_order`, `icon`, `is_route`, `is_leaf`, `keep_alive`, `hidden`, `description`, `enabled`, `open_mode`, `extra_properties`, `concurrency_stamp`, `creation_time`, `creator_id`, `last_modification_time`, `last_modifier_id`, `deleter_id`, `deletion_time`, `is_deleted`, `en_name`, `tenant_id`, `multi_tenancy_sides`) VALUES ('3a01402e-6e04-1348-0a22-41a19bd70ae0', '3a013583-d14d-5498-4e0a-0df40587ce80', '删除', NULL, NULL, NULL, NULL, 2, 'system:user:delete', NULL, 3, NULL, 0, 1, 0, 0, NULL, 1, 0, '{}', '95b2352d496b46c59fe2aa03fbe91cc9', '2022-01-06 14:09:00.000000', '3a0111f1-42fc-fdf1-4a27-5f2b3fefa249', NULL, NULL, NULL, NULL, 0, 'Delete', NULL, 3);
INSERT INTO `sys_ui_permission` (`id`, `parent_id`, `name`, `url`, `component_name`, `component`, `redirect`, `ui_menu_type`, `perms`, `perms_type`, `sort_order`, `icon`, `is_route`, `is_leaf`, `keep_alive`, `hidden`, `description`, `enabled`, `open_mode`, `extra_properties`, `concurrency_stamp`, `creation_time`, `creator_id`, `last_modification_time`, `last_modifier_id`, `deleter_id`, `deletion_time`, `is_deleted`, `en_name`, `tenant_id`, `multi_tenancy_sides`) VALUES ('3a01402e-b5bf-9aad-6ac2-88c0d12a64a4', '3a013583-d14d-5498-4e0a-0df40587ce80', '导出', NULL, NULL, NULL, NULL, 2, 'system:user:export', NULL, 4, NULL, 0, 1, 0, 0, NULL, 1, 0, '{}', '0d111e028d8b4bc2be7a50e9bd1d885d', '2022-01-06 14:09:00.000000', '3a0111f1-42fc-fdf1-4a27-5f2b3fefa249', NULL, NULL, NULL, NULL, 0, 'Export', NULL, 3);
INSERT INTO `sys_ui_permission` (`id`, `parent_id`, `name`, `url`, `component_name`, `component`, `redirect`, `ui_menu_type`, `perms`, `perms_type`, `sort_order`, `icon`, `is_route`, `is_leaf`, `keep_alive`, `hidden`, `description`, `enabled`, `open_mode`, `extra_properties`, `concurrency_stamp`, `creation_time`, `creator_id`, `last_modification_time`, `last_modifier_id`, `deleter_id`, `deletion_time`, `is_deleted`, `en_name`, `tenant_id`, `multi_tenancy_sides`) VALUES ('3a01402f-d9d6-2caf-9d0d-72deadd1e748', '3a013585-87dc-49cf-ddb0-68d4d662db7d', '创建', NULL, NULL, NULL, NULL, 2, 'system:role:create', NULL, 1, NULL, 0, 1, 0, 0, NULL, 1, 0, '{}', '4757ba1e9fac480ea74dd3a057a1edaa', '2022-01-06 14:10:00.000000', '3a0111f1-42fc-fdf1-4a27-5f2b3fefa249', '2022-01-06 14:11:00.000000', '3a0111f1-42fc-fdf1-4a27-5f2b3fefa249', NULL, NULL, 0, 'Create', NULL, 3);
INSERT INTO `sys_ui_permission` (`id`, `parent_id`, `name`, `url`, `component_name`, `component`, `redirect`, `ui_menu_type`, `perms`, `perms_type`, `sort_order`, `icon`, `is_route`, `is_leaf`, `keep_alive`, `hidden`, `description`, `enabled`, `open_mode`, `extra_properties`, `concurrency_stamp`, `creation_time`, `creator_id`, `last_modification_time`, `last_modifier_id`, `deleter_id`, `deletion_time`, `is_deleted`, `en_name`, `tenant_id`, `multi_tenancy_sides`) VALUES ('3a014030-2b01-9fac-2a45-f7543fb3032c', '3a013585-87dc-49cf-ddb0-68d4d662db7d', '更新', NULL, NULL, NULL, NULL, 2, 'system:role:update', NULL, 2, NULL, 0, 1, 0, 0, NULL, 1, 0, '{}', 'a6fd22af6a6040ae985caa485a6d07f2', '2022-01-06 14:11:00.000000', '3a0111f1-42fc-fdf1-4a27-5f2b3fefa249', NULL, NULL, NULL, NULL, 0, 'Update', NULL, 3);
INSERT INTO `sys_ui_permission` (`id`, `parent_id`, `name`, `url`, `component_name`, `component`, `redirect`, `ui_menu_type`, `perms`, `perms_type`, `sort_order`, `icon`, `is_route`, `is_leaf`, `keep_alive`, `hidden`, `description`, `enabled`, `open_mode`, `extra_properties`, `concurrency_stamp`, `creation_time`, `creator_id`, `last_modification_time`, `last_modifier_id`, `deleter_id`, `deletion_time`, `is_deleted`, `en_name`, `tenant_id`, `multi_tenancy_sides`) VALUES ('3a014030-bf89-ed6c-3ca1-921560b99c52', '3a013585-87dc-49cf-ddb0-68d4d662db7d', '删除', NULL, NULL, NULL, NULL, 2, 'system:role:delete', NULL, 3, NULL, 0, 1, 0, 0, NULL, 1, 0, '{}', 'ab7fd074955642e4ba9d2b97d66db7d2', '2022-01-06 14:11:00.000000', '3a0111f1-42fc-fdf1-4a27-5f2b3fefa249', NULL, NULL, NULL, NULL, 0, 'Delete', NULL, 3);
INSERT INTO `sys_ui_permission` (`id`, `parent_id`, `name`, `url`, `component_name`, `component`, `redirect`, `ui_menu_type`, `perms`, `perms_type`, `sort_order`, `icon`, `is_route`, `is_leaf`, `keep_alive`, `hidden`, `description`, `enabled`, `open_mode`, `extra_properties`, `concurrency_stamp`, `creation_time`, `creator_id`, `last_modification_time`, `last_modifier_id`, `deleter_id`, `deletion_time`, `is_deleted`, `en_name`, `tenant_id`, `multi_tenancy_sides`) VALUES ('3a014032-5149-4d8f-55d7-df47e6f1e395', '3a013587-4bd8-a505-9ece-2192eccd09c4', '查看用户', NULL, NULL, NULL, NULL, 2, 'system:depart:queryUser', NULL, 5, NULL, 0, 1, 0, 0, NULL, 1, 0, '{}', '1c67be1791bb41cebc36a85baffa5d90', '2022-01-06 14:13:00.000000', '3a0111f1-42fc-fdf1-4a27-5f2b3fefa249', NULL, NULL, NULL, NULL, 0, 'Query User', NULL, 3);
INSERT INTO `sys_ui_permission` (`id`, `parent_id`, `name`, `url`, `component_name`, `component`, `redirect`, `ui_menu_type`, `perms`, `perms_type`, `sort_order`, `icon`, `is_route`, `is_leaf`, `keep_alive`, `hidden`, `description`, `enabled`, `open_mode`, `extra_properties`, `concurrency_stamp`, `creation_time`, `creator_id`, `last_modification_time`, `last_modifier_id`, `deleter_id`, `deletion_time`, `is_deleted`, `en_name`, `tenant_id`, `multi_tenancy_sides`) VALUES ('3a014032-b73c-9391-200c-7726c2dac486', '3a013587-eaac-3fbb-bf4a-8aafed602436', '创建', NULL, NULL, NULL, NULL, 2, 'system:post:create', NULL, 1, NULL, 0, 1, 0, 0, NULL, 1, 0, '{}', '27afca5f985e479cbff2d7e72ae41ebc', '2022-01-06 14:14:00.000000', '3a0111f1-42fc-fdf1-4a27-5f2b3fefa249', '2022-01-06 14:57:00.000000', '3a0111f1-42fc-fdf1-4a27-5f2b3fefa249', NULL, NULL, 0, 'Create', NULL, 3);
INSERT INTO `sys_ui_permission` (`id`, `parent_id`, `name`, `url`, `component_name`, `component`, `redirect`, `ui_menu_type`, `perms`, `perms_type`, `sort_order`, `icon`, `is_route`, `is_leaf`, `keep_alive`, `hidden`, `description`, `enabled`, `open_mode`, `extra_properties`, `concurrency_stamp`, `creation_time`, `creator_id`, `last_modification_time`, `last_modifier_id`, `deleter_id`, `deletion_time`, `is_deleted`, `en_name`, `tenant_id`, `multi_tenancy_sides`) VALUES ('3a014032-eda7-ba97-bf6b-6a37dfe0f31e', '3a013587-eaac-3fbb-bf4a-8aafed602436', '更新', NULL, NULL, NULL, NULL, 2, 'system:post:update', NULL, 2, NULL, 0, 1, 0, 0, NULL, 1, 0, '{}', '0b44bd7556094dc7b9701ab86be0e2fb', '2022-01-06 14:14:00.000000', '3a0111f1-42fc-fdf1-4a27-5f2b3fefa249', NULL, NULL, NULL, NULL, 0, 'Update', NULL, 3);
INSERT INTO `sys_ui_permission` (`id`, `parent_id`, `name`, `url`, `component_name`, `component`, `redirect`, `ui_menu_type`, `perms`, `perms_type`, `sort_order`, `icon`, `is_route`, `is_leaf`, `keep_alive`, `hidden`, `description`, `enabled`, `open_mode`, `extra_properties`, `concurrency_stamp`, `creation_time`, `creator_id`, `last_modification_time`, `last_modifier_id`, `deleter_id`, `deletion_time`, `is_deleted`, `en_name`, `tenant_id`, `multi_tenancy_sides`) VALUES ('3a014033-26ba-1f81-48f7-b3eacef27063', '3a013587-eaac-3fbb-bf4a-8aafed602436', '删除', NULL, NULL, NULL, NULL, 2, 'system:post:delete', NULL, 3, NULL, 0, 1, 0, 0, NULL, 1, 0, '{}', '459e78ba33374638a2cd07e65db2542c', '2022-01-06 14:14:00.000000', '3a0111f1-42fc-fdf1-4a27-5f2b3fefa249', NULL, NULL, NULL, NULL, 0, 'Delete', NULL, 3);
INSERT INTO `sys_ui_permission` (`id`, `parent_id`, `name`, `url`, `component_name`, `component`, `redirect`, `ui_menu_type`, `perms`, `perms_type`, `sort_order`, `icon`, `is_route`, `is_leaf`, `keep_alive`, `hidden`, `description`, `enabled`, `open_mode`, `extra_properties`, `concurrency_stamp`, `creation_time`, `creator_id`, `last_modification_time`, `last_modifier_id`, `deleter_id`, `deletion_time`, `is_deleted`, `en_name`, `tenant_id`, `multi_tenancy_sides`) VALUES ('3a014033-d09b-2317-260b-1a9103f305e5', '3a013588-9db6-20b6-df25-789e1c4614a6', '创建', NULL, NULL, NULL, NULL, 2, 'system:uiPermission:create', NULL, 1, NULL, 0, 1, 0, 0, NULL, 1, 0, '{}', '052dd5bbd35840a4ba206808a65e7d81', '2022-01-06 14:15:00.000000', '3a0111f1-42fc-fdf1-4a27-5f2b3fefa249', '2022-01-06 14:58:00.000000', '3a0111f1-42fc-fdf1-4a27-5f2b3fefa249', NULL, NULL, 0, 'Create', NULL, 3);
INSERT INTO `sys_ui_permission` (`id`, `parent_id`, `name`, `url`, `component_name`, `component`, `redirect`, `ui_menu_type`, `perms`, `perms_type`, `sort_order`, `icon`, `is_route`, `is_leaf`, `keep_alive`, `hidden`, `description`, `enabled`, `open_mode`, `extra_properties`, `concurrency_stamp`, `creation_time`, `creator_id`, `last_modification_time`, `last_modifier_id`, `deleter_id`, `deletion_time`, `is_deleted`, `en_name`, `tenant_id`, `multi_tenancy_sides`) VALUES ('3a014034-0816-f807-2129-06d581c1731a', '3a013588-9db6-20b6-df25-789e1c4614a6', '更新', NULL, NULL, NULL, NULL, 2, 'system:uiPermission:update', NULL, 2, NULL, 0, 1, 0, 0, NULL, 1, 0, '{}', '06f9c75cb8164bbc9f8ba0de5a2eea5f', '2022-01-06 14:15:00.000000', '3a0111f1-42fc-fdf1-4a27-5f2b3fefa249', '2022-01-06 14:16:00.000000', '3a0111f1-42fc-fdf1-4a27-5f2b3fefa249', NULL, NULL, 0, 'Update', NULL, 3);
INSERT INTO `sys_ui_permission` (`id`, `parent_id`, `name`, `url`, `component_name`, `component`, `redirect`, `ui_menu_type`, `perms`, `perms_type`, `sort_order`, `icon`, `is_route`, `is_leaf`, `keep_alive`, `hidden`, `description`, `enabled`, `open_mode`, `extra_properties`, `concurrency_stamp`, `creation_time`, `creator_id`, `last_modification_time`, `last_modifier_id`, `deleter_id`, `deletion_time`, `is_deleted`, `en_name`, `tenant_id`, `multi_tenancy_sides`) VALUES ('3a014034-498e-9f82-9418-6add819128bb', '3a013588-9db6-20b6-df25-789e1c4614a6', '删除', NULL, NULL, NULL, NULL, 2, 'system:uiPermission:delete', NULL, 3, NULL, 0, 1, 0, 0, NULL, 1, 0, '{}', 'd862e576311740eca91b962e83fac642', '2022-01-06 14:15:00.000000', '3a0111f1-42fc-fdf1-4a27-5f2b3fefa249', NULL, NULL, NULL, NULL, 0, 'Delete', NULL, 3);
INSERT INTO `sys_ui_permission` (`id`, `parent_id`, `name`, `url`, `component_name`, `component`, `redirect`, `ui_menu_type`, `perms`, `perms_type`, `sort_order`, `icon`, `is_route`, `is_leaf`, `keep_alive`, `hidden`, `description`, `enabled`, `open_mode`, `extra_properties`, `concurrency_stamp`, `creation_time`, `creator_id`, `last_modification_time`, `last_modifier_id`, `deleter_id`, `deletion_time`, `is_deleted`, `en_name`, `tenant_id`, `multi_tenancy_sides`) VALUES ('3a014034-e61a-05c9-15cf-e0c01f79d933', '3a013588-9db6-20b6-df25-789e1c4614a6', '刷新接口资源', NULL, NULL, NULL, NULL, 2, 'system:uiPermission:refreshBackgroundApi', NULL, 4, NULL, 0, 1, 0, 0, NULL, 1, 0, '{}', 'b169a6e69e664cb6af7b14bd13b9b079', '2022-01-06 14:16:00.000000', '3a0111f1-42fc-fdf1-4a27-5f2b3fefa249', NULL, NULL, NULL, NULL, 0, 'Refreshing Interface Resources', NULL, 3);
INSERT INTO `sys_ui_permission` (`id`, `parent_id`, `name`, `url`, `component_name`, `component`, `redirect`, `ui_menu_type`, `perms`, `perms_type`, `sort_order`, `icon`, `is_route`, `is_leaf`, `keep_alive`, `hidden`, `description`, `enabled`, `open_mode`, `extra_properties`, `concurrency_stamp`, `creation_time`, `creator_id`, `last_modification_time`, `last_modifier_id`, `deleter_id`, `deletion_time`, `is_deleted`, `en_name`, `tenant_id`, `multi_tenancy_sides`) VALUES ('3a014035-bdc5-48c6-1c42-9270193d0843', '3a013ba5-498b-7187-bba6-dfe5d646eabb', '创建', NULL, NULL, NULL, NULL, 2, 'system:dict:create', NULL, 1, NULL, 0, 1, 0, 0, NULL, 1, 0, '{}', '04765c2a3e8a4fef8dd21b1385f97bdb', '2022-01-06 14:17:00.000000', '3a0111f1-42fc-fdf1-4a27-5f2b3fefa249', NULL, NULL, NULL, NULL, 0, 'Create', NULL, 3);
INSERT INTO `sys_ui_permission` (`id`, `parent_id`, `name`, `url`, `component_name`, `component`, `redirect`, `ui_menu_type`, `perms`, `perms_type`, `sort_order`, `icon`, `is_route`, `is_leaf`, `keep_alive`, `hidden`, `description`, `enabled`, `open_mode`, `extra_properties`, `concurrency_stamp`, `creation_time`, `creator_id`, `last_modification_time`, `last_modifier_id`, `deleter_id`, `deletion_time`, `is_deleted`, `en_name`, `tenant_id`, `multi_tenancy_sides`) VALUES ('3a014036-069f-a593-2cc8-48a8c5b46ce0', '3a013ba5-498b-7187-bba6-dfe5d646eabb', '更新', NULL, NULL, NULL, NULL, 2, 'system:dict:update', NULL, 2, NULL, 0, 1, 0, 0, NULL, 1, 0, '{}', '15aaeb31571e45cabcb75d067aa2023b', '2022-01-06 14:17:00.000000', '3a0111f1-42fc-fdf1-4a27-5f2b3fefa249', NULL, NULL, NULL, NULL, 0, 'Update', NULL, 3);
INSERT INTO `sys_ui_permission` (`id`, `parent_id`, `name`, `url`, `component_name`, `component`, `redirect`, `ui_menu_type`, `perms`, `perms_type`, `sort_order`, `icon`, `is_route`, `is_leaf`, `keep_alive`, `hidden`, `description`, `enabled`, `open_mode`, `extra_properties`, `concurrency_stamp`, `creation_time`, `creator_id`, `last_modification_time`, `last_modifier_id`, `deleter_id`, `deletion_time`, `is_deleted`, `en_name`, `tenant_id`, `multi_tenancy_sides`) VALUES ('3a014036-5a8f-56a9-bf5d-f59552469089', '3a013ba5-498b-7187-bba6-dfe5d646eabb', '删除', NULL, NULL, NULL, NULL, 2, 'system:dict:delete', NULL, 3, NULL, 0, 1, 0, 0, NULL, 1, 0, '{}', '87f48ef765854a9da94668c2f99819a8', '2022-01-06 14:18:00.000000', '3a0111f1-42fc-fdf1-4a27-5f2b3fefa249', NULL, NULL, NULL, NULL, 0, 'Delete', NULL, 3);
INSERT INTO `sys_ui_permission` (`id`, `parent_id`, `name`, `url`, `component_name`, `component`, `redirect`, `ui_menu_type`, `perms`, `perms_type`, `sort_order`, `icon`, `is_route`, `is_leaf`, `keep_alive`, `hidden`, `description`, `enabled`, `open_mode`, `extra_properties`, `concurrency_stamp`, `creation_time`, `creator_id`, `last_modification_time`, `last_modifier_id`, `deleter_id`, `deletion_time`, `is_deleted`, `en_name`, `tenant_id`, `multi_tenancy_sides`) VALUES ('3a0140d7-8b41-8585-0f11-90dd5244eb69', '3a0140da-a047-1be9-edc7-f2154f626de8', '分配运维角色权限', NULL, NULL, NULL, NULL, 2, 'system:role:roleCode1', NULL, 4, NULL, 0, 1, 0, 0, NULL, 1, 0, '{}', '38d0a2da84d34c0b8fb00f5627075836', '2022-01-06 17:14:06.094582', '3a0140a0-bedd-2b40-20e3-6e872c7bafd9', '2022-01-06 17:18:55.643235', '3a0140a0-bedd-2b40-20e3-6e872c7bafd9', NULL, NULL, 0, 'Assign rights to o&M roles', NULL, 3);
INSERT INTO `sys_ui_permission` (`id`, `parent_id`, `name`, `url`, `component_name`, `component`, `redirect`, `ui_menu_type`, `perms`, `perms_type`, `sort_order`, `icon`, `is_route`, `is_leaf`, `keep_alive`, `hidden`, `description`, `enabled`, `open_mode`, `extra_properties`, `concurrency_stamp`, `creation_time`, `creator_id`, `last_modification_time`, `last_modifier_id`, `deleter_id`, `deletion_time`, `is_deleted`, `en_name`, `tenant_id`, `multi_tenancy_sides`) VALUES ('3a0140da-a047-1be9-edc7-f2154f626de8', '3a013585-87dc-49cf-ddb0-68d4d662db7d', '角色访问权限', NULL, NULL, NULL, NULL, 2, NULL, NULL, 4, NULL, 0, 0, 0, 0, NULL, 1, 0, '{}', '8cbe2a69a92c43a682dae149953061d1', '2022-01-06 17:17:28.284225', '3a0140a0-bedd-2b40-20e3-6e872c7bafd9', '2022-01-06 17:19:12.986185', '3a0140a0-bedd-2b40-20e3-6e872c7bafd9', NULL, NULL, 0, 'Role Access Rights', NULL, 3);
INSERT INTO `sys_ui_permission` (`id`, `parent_id`, `name`, `url`, `component_name`, `component`, `redirect`, `ui_menu_type`, `perms`, `perms_type`, `sort_order`, `icon`, `is_route`, `is_leaf`, `keep_alive`, `hidden`, `description`, `enabled`, `open_mode`, `extra_properties`, `concurrency_stamp`, `creation_time`, `creator_id`, `last_modification_time`, `last_modifier_id`, `deleter_id`, `deletion_time`, `is_deleted`, `en_name`, `tenant_id`, `multi_tenancy_sides`) VALUES ('3a0188d2-890b-7fec-05f5-2b7bfd5b5244', '3a013583-d14d-5498-4e0a-0df40587ce80', '导入', NULL, NULL, NULL, NULL, 2, 'system:user:import', NULL, 5, NULL, 0, 1, 0, 0, NULL, 1, 0, '{}', 'b46ef7d3e2dd41c99a25e4e8f6bcbd73', '2022-01-20 16:41:17.408945', '3a017eb6-5c44-c02f-9645-632ad882d23f', '2022-01-20 16:44:00.994678', '3a017eb6-5c44-c02f-9645-632ad882d23f', NULL, NULL, 0, 'Import', NULL, 3);
INSERT INTO `sys_ui_permission` (`id`, `parent_id`, `name`, `url`, `component_name`, `component`, `redirect`, `ui_menu_type`, `perms`, `perms_type`, `sort_order`, `icon`, `is_route`, `is_leaf`, `keep_alive`, `hidden`, `description`, `enabled`, `open_mode`, `extra_properties`, `concurrency_stamp`, `creation_time`, `creator_id`, `last_modification_time`, `last_modifier_id`, `deleter_id`, `deletion_time`, `is_deleted`, `en_name`, `tenant_id`, `multi_tenancy_sides`) VALUES ('3a018930-621d-04b0-bf2a-10722c9a16d4', '3a013583-d14d-5498-4e0a-0df40587ce80', '重置密码', NULL, NULL, NULL, NULL, 2, 'system:user:resetPassword', NULL, 6, NULL, 0, 1, 0, 0, NULL, 1, 0, '{}', '33197afc4d0b4322b174f4b74eada811', '2022-01-20 18:23:48.022492', '3a017eb6-5c44-c02f-9645-632ad882d23f', NULL, NULL, NULL, NULL, 0, 'Reset password', NULL, 3);
INSERT INTO `sys_ui_permission` (`id`, `parent_id`, `name`, `url`, `component_name`, `component`, `redirect`, `ui_menu_type`, `perms`, `perms_type`, `sort_order`, `icon`, `is_route`, `is_leaf`, `keep_alive`, `hidden`, `description`, `enabled`, `open_mode`, `extra_properties`, `concurrency_stamp`, `creation_time`, `creator_id`, `last_modification_time`, `last_modifier_id`, `deleter_id`, `deletion_time`, `is_deleted`, `en_name`, `tenant_id`, `multi_tenancy_sides`) VALUES ('3a018e4a-6b40-af31-23b6-a7dcbc4bf4aa', '3a01931b-fa0b-7002-197a-0e7e20ec1ca4', '数据库连接信息', 'databaseConnection', 'DatabaseConnection', 'platform/database-connection/index', NULL, 1, NULL, NULL, 1, NULL, 1, 0, 1, 0, NULL, 1, 0, '{}', '6dbfe35c20a841a5af949d64f1d0344e', '2022-01-21 18:10:20.343929', '3a018e25-22d7-58f1-0934-ef70fc61448e', '2022-01-27 17:33:31.674382', '3a018e25-22d7-58f1-0934-ef70fc61448e', NULL, NULL, 0, 'Database Connection', NULL, 2);
INSERT INTO `sys_ui_permission` (`id`, `parent_id`, `name`, `url`, `component_name`, `component`, `redirect`, `ui_menu_type`, `perms`, `perms_type`, `sort_order`, `icon`, `is_route`, `is_leaf`, `keep_alive`, `hidden`, `description`, `enabled`, `open_mode`, `extra_properties`, `concurrency_stamp`, `creation_time`, `creator_id`, `last_modification_time`, `last_modifier_id`, `deleter_id`, `deletion_time`, `is_deleted`, `en_name`, `tenant_id`, `multi_tenancy_sides`) VALUES ('3a018e4b-124d-a2ce-48f6-b993c950c29c', '3a01931b-fa0b-7002-197a-0e7e20ec1ca4', '租户管理', 'tenant', 'Tenant', 'platform/tenant/index', NULL, 1, NULL, NULL, 2, NULL, 1, 0, 1, 0, NULL, 1, 0, '{}', '096d6db98a9e4f6ea95fe80b438ca3ac', '2022-01-21 18:11:03.079018', '3a018e25-22d7-58f1-0934-ef70fc61448e', '2022-01-27 17:35:47.506336', '3a018e25-22d7-58f1-0934-ef70fc61448e', NULL, NULL, 0, 'Tenant', NULL, 2);
INSERT INTO `sys_ui_permission` (`id`, `parent_id`, `name`, `url`, `component_name`, `component`, `redirect`, `ui_menu_type`, `perms`, `perms_type`, `sort_order`, `icon`, `is_route`, `is_leaf`, `keep_alive`, `hidden`, `description`, `enabled`, `open_mode`, `extra_properties`, `concurrency_stamp`, `creation_time`, `creator_id`, `last_modification_time`, `last_modifier_id`, `deleter_id`, `deletion_time`, `is_deleted`, `en_name`, `tenant_id`, `multi_tenancy_sides`) VALUES ('3a01931b-fa0b-7002-197a-0e7e20ec1ca4', '', '多租户管理', 'multiTenant', NULL, NULL, 'platform/tenant/index', 0, NULL, NULL, 1, 'el-icon-s-tools', 0, 0, 0, 0, NULL, 1, 0, '{}', 'd8a6b743eeb6444c802589e9c6322944', '2022-01-22 16:37:42.553684', '3a018e25-22d7-58f1-0934-ef70fc61448e', '2022-01-22 16:38:27.178442', '3a018e25-22d7-58f1-0934-ef70fc61448e', NULL, NULL, 0, 'Multi-tenant Management', NULL, 2);
INSERT INTO `sys_ui_permission` (`id`, `parent_id`, `name`, `url`, `component_name`, `component`, `redirect`, `ui_menu_type`, `perms`, `perms_type`, `sort_order`, `icon`, `is_route`, `is_leaf`, `keep_alive`, `hidden`, `description`, `enabled`, `open_mode`, `extra_properties`, `concurrency_stamp`, `creation_time`, `creator_id`, `last_modification_time`, `last_modifier_id`, `deleter_id`, `deletion_time`, `is_deleted`, `en_name`, `tenant_id`, `multi_tenancy_sides`) VALUES ('3a01a741-4356-55b0-794c-df893200246e', '', '特殊权限', NULL, NULL, NULL, NULL, 0, NULL, NULL, 20, NULL, 0, 0, 0, 1, NULL, 1, 0, '{}', '5b786fc9e15a40c6835d54ce906f400b', '2022-01-26 14:30:50.653182', '3a018e25-22d7-58f1-0934-ef70fc61448e', '2022-01-26 14:37:01.719495', '3a018e25-22d7-58f1-0934-ef70fc61448e', NULL, NULL, 0, 'Special Permissions ', NULL, 3);
INSERT INTO `sys_ui_permission` (`id`, `parent_id`, `name`, `url`, `component_name`, `component`, `redirect`, `ui_menu_type`, `perms`, `perms_type`, `sort_order`, `icon`, `is_route`, `is_leaf`, `keep_alive`, `hidden`, `description`, `enabled`, `open_mode`, `extra_properties`, `concurrency_stamp`, `creation_time`, `creator_id`, `last_modification_time`, `last_modifier_id`, `deleter_id`, `deletion_time`, `is_deleted`, `en_name`, `tenant_id`, `multi_tenancy_sides`) VALUES ('3a01a741-c153-026d-ce8f-3f9585c0ab8e', '3a01a741-4356-55b0-794c-df893200246e', '用户', NULL, NULL, NULL, NULL, 2, NULL, NULL, 1, NULL, 0, 0, 0, 1, NULL, 1, 0, '{}', 'e4103156672d435392082186d35a1cff', '2022-01-26 14:31:22.772473', '3a018e25-22d7-58f1-0934-ef70fc61448e', '2022-01-26 14:37:48.327733', '3a018e25-22d7-58f1-0934-ef70fc61448e', NULL, NULL, 0, 'User', NULL, 3);
INSERT INTO `sys_ui_permission` (`id`, `parent_id`, `name`, `url`, `component_name`, `component`, `redirect`, `ui_menu_type`, `perms`, `perms_type`, `sort_order`, `icon`, `is_route`, `is_leaf`, `keep_alive`, `hidden`, `description`, `enabled`, `open_mode`, `extra_properties`, `concurrency_stamp`, `creation_time`, `creator_id`, `last_modification_time`, `last_modifier_id`, `deleter_id`, `deletion_time`, `is_deleted`, `en_name`, `tenant_id`, `multi_tenancy_sides`) VALUES ('3a01a747-a2c7-2ad7-8cb4-1e389c43b552', '3a01a741-c153-026d-ce8f-3f9585c0ab8e', '修改密码', NULL, NULL, NULL, NULL, 2, NULL, NULL, 1, NULL, 0, 1, 0, 0, NULL, 1, 0, '{}', '6ba7fa01afaf4a73bf8d5dee98058c0b', '2022-01-26 14:37:48.327619', '3a018e25-22d7-58f1-0934-ef70fc61448e', NULL, NULL, NULL, NULL, 0, 'Change password', NULL, 3);
INSERT INTO `sys_ui_permission` (`id`, `parent_id`, `name`, `url`, `component_name`, `component`, `redirect`, `ui_menu_type`, `perms`, `perms_type`, `sort_order`, `icon`, `is_route`, `is_leaf`, `keep_alive`, `hidden`, `description`, `enabled`, `open_mode`, `extra_properties`, `concurrency_stamp`, `creation_time`, `creator_id`, `last_modification_time`, `last_modifier_id`, `deleter_id`, `deletion_time`, `is_deleted`, `en_name`, `tenant_id`, `multi_tenancy_sides`) VALUES ('3a01ad0e-e068-d197-f9c9-88dbd821ef2d', '3a018e4a-6b40-af31-23b6-a7dcbc4bf4aa', '创建', NULL, NULL, NULL, NULL, 2, 'platform.databaseConnection:create', NULL, 1, NULL, 0, 1, 0, 0, NULL, 1, 0, '{}', 'ec8ba6c695104477a7db5bafdc50bfb9', '2022-01-27 17:33:31.672140', '3a018e25-22d7-58f1-0934-ef70fc61448e', NULL, NULL, NULL, NULL, 0, 'Create', NULL, 3);
INSERT INTO `sys_ui_permission` (`id`, `parent_id`, `name`, `url`, `component_name`, `component`, `redirect`, `ui_menu_type`, `perms`, `perms_type`, `sort_order`, `icon`, `is_route`, `is_leaf`, `keep_alive`, `hidden`, `description`, `enabled`, `open_mode`, `extra_properties`, `concurrency_stamp`, `creation_time`, `creator_id`, `last_modification_time`, `last_modifier_id`, `deleter_id`, `deletion_time`, `is_deleted`, `en_name`, `tenant_id`, `multi_tenancy_sides`) VALUES ('3a01ad0f-5934-814d-5e79-e9274e9fb08a', '3a018e4a-6b40-af31-23b6-a7dcbc4bf4aa', '更新', NULL, NULL, NULL, NULL, 2, 'platform.databaseConnection:update', NULL, 2, NULL, 0, 1, 0, 0, NULL, 1, 0, '{}', 'ca26a5bc11234747a1b3d1b5a70cf1a6', '2022-01-27 17:34:02.583389', '3a018e25-22d7-58f1-0934-ef70fc61448e', NULL, NULL, NULL, NULL, 0, 'Update', NULL, 3);
INSERT INTO `sys_ui_permission` (`id`, `parent_id`, `name`, `url`, `component_name`, `component`, `redirect`, `ui_menu_type`, `perms`, `perms_type`, `sort_order`, `icon`, `is_route`, `is_leaf`, `keep_alive`, `hidden`, `description`, `enabled`, `open_mode`, `extra_properties`, `concurrency_stamp`, `creation_time`, `creator_id`, `last_modification_time`, `last_modifier_id`, `deleter_id`, `deletion_time`, `is_deleted`, `en_name`, `tenant_id`, `multi_tenancy_sides`) VALUES ('3a01ad10-2003-92fc-c219-343800c0815f', '3a018e4a-6b40-af31-23b6-a7dcbc4bf4aa', '删除', NULL, NULL, NULL, NULL, 2, 'platform.databaseConnection:delete', NULL, 3, NULL, 0, 1, 0, 0, NULL, 1, 0, '{}', 'c8667b2f4f3c4244bb9be042e6d50bcf', '2022-01-27 17:34:53.473646', '3a018e25-22d7-58f1-0934-ef70fc61448e', NULL, NULL, NULL, NULL, 0, 'Delete', NULL, 3);
INSERT INTO `sys_ui_permission` (`id`, `parent_id`, `name`, `url`, `component_name`, `component`, `redirect`, `ui_menu_type`, `perms`, `perms_type`, `sort_order`, `icon`, `is_route`, `is_leaf`, `keep_alive`, `hidden`, `description`, `enabled`, `open_mode`, `extra_properties`, `concurrency_stamp`, `creation_time`, `creator_id`, `last_modification_time`, `last_modifier_id`, `deleter_id`, `deletion_time`, `is_deleted`, `en_name`, `tenant_id`, `multi_tenancy_sides`) VALUES ('3a01ad10-f31e-d522-8fbd-39a9c1eadf76', '3a018e4b-124d-a2ce-48f6-b993c950c29c', '创建', NULL, NULL, NULL, NULL, 2, 'platform.tenant:create', NULL, 1, NULL, 0, 1, 0, 0, NULL, 1, 0, '{}', 'de72b326c23a4f788ab9670d199507a6', '2022-01-27 17:35:47.506229', '3a018e25-22d7-58f1-0934-ef70fc61448e', NULL, NULL, NULL, NULL, 0, 'Create', NULL, 3);
INSERT INTO `sys_ui_permission` (`id`, `parent_id`, `name`, `url`, `component_name`, `component`, `redirect`, `ui_menu_type`, `perms`, `perms_type`, `sort_order`, `icon`, `is_route`, `is_leaf`, `keep_alive`, `hidden`, `description`, `enabled`, `open_mode`, `extra_properties`, `concurrency_stamp`, `creation_time`, `creator_id`, `last_modification_time`, `last_modifier_id`, `deleter_id`, `deletion_time`, `is_deleted`, `en_name`, `tenant_id`, `multi_tenancy_sides`) VALUES ('3a01ad11-3f0e-733d-41f7-2c3995b82dab', '3a018e4b-124d-a2ce-48f6-b993c950c29c', '更新', NULL, NULL, NULL, NULL, 2, 'platform.tenant:update', NULL, 2, NULL, 0, 1, 0, 0, NULL, 1, 0, '{}', 'a941fa229c99420eaa2b1914543884ca', '2022-01-27 17:36:06.974166', '3a018e25-22d7-58f1-0934-ef70fc61448e', NULL, NULL, NULL, NULL, 0, 'Update', NULL, 3);
INSERT INTO `sys_ui_permission` (`id`, `parent_id`, `name`, `url`, `component_name`, `component`, `redirect`, `ui_menu_type`, `perms`, `perms_type`, `sort_order`, `icon`, `is_route`, `is_leaf`, `keep_alive`, `hidden`, `description`, `enabled`, `open_mode`, `extra_properties`, `concurrency_stamp`, `creation_time`, `creator_id`, `last_modification_time`, `last_modifier_id`, `deleter_id`, `deletion_time`, `is_deleted`, `en_name`, `tenant_id`, `multi_tenancy_sides`) VALUES ('3a01ad11-872f-6f61-f63f-d5bd23ce22fe', '3a018e4b-124d-a2ce-48f6-b993c950c29c', '删除', NULL, NULL, NULL, NULL, 2, 'platform.tenant:delete', NULL, 3, NULL, 0, 1, 0, 0, NULL, 1, 0, '{}', '72644a1b34ff408d8867f9066c3df0d8', '2022-01-27 17:36:25.414215', '3a018e25-22d7-58f1-0934-ef70fc61448e', NULL, NULL, NULL, NULL, 0, 'Delete', NULL, 3);

-- 插入菜单权限和接口资源绑定关系数据
INSERT INTO `sys_ui_with_api` (`id`, `ui_permission_id`, `permission_code`, `tenant_id`) VALUES ('3a014039-21c0-6334-e4cf-7393a6db7798', '3a01402d-ba41-ad51-66dd-d03500101eb8', 'System.User.Create', NULL);
INSERT INTO `sys_ui_with_api` (`id`, `ui_permission_id`, `permission_code`, `tenant_id`) VALUES ('3a014039-3303-d25d-7686-0125a83c4559', '3a01402e-1dd5-d698-3990-1d1efa0a0fc2', 'System.User.Update', NULL);
INSERT INTO `sys_ui_with_api` (`id`, `ui_permission_id`, `permission_code`, `tenant_id`) VALUES ('3a014039-49a7-b392-4e21-f04d2b78224c', '3a01402e-6e04-1348-0a22-41a19bd70ae0', 'System.User.Delete', NULL);
INSERT INTO `sys_ui_with_api` (`id`, `ui_permission_id`, `permission_code`, `tenant_id`) VALUES ('3a014039-5ab3-e4b3-73fc-8bc52bce3742', '3a01402e-b5bf-9aad-6ac2-88c0d12a64a4', 'System.User.Export', NULL);
INSERT INTO `sys_ui_with_api` (`id`, `ui_permission_id`, `permission_code`, `tenant_id`) VALUES ('3a014039-7fac-6740-dc2e-17a94c5379a9', '3a013585-87dc-49cf-ddb0-68d4d662db7d', 'System.Role', NULL);
INSERT INTO `sys_ui_with_api` (`id`, `ui_permission_id`, `permission_code`, `tenant_id`) VALUES ('3a014039-9131-0de4-2c63-81918bb6b161', '3a01402f-d9d6-2caf-9d0d-72deadd1e748', 'System.Role.Create', NULL);
INSERT INTO `sys_ui_with_api` (`id`, `ui_permission_id`, `permission_code`, `tenant_id`) VALUES ('3a014039-a0ec-fc37-f5ac-cbb6b6a0913b', '3a014030-2b01-9fac-2a45-f7543fb3032c', 'System.Role.Update', NULL);
INSERT INTO `sys_ui_with_api` (`id`, `ui_permission_id`, `permission_code`, `tenant_id`) VALUES ('3a014039-b2a9-b0d9-1526-f3c6bd035fd7', '3a014030-bf89-ed6c-3ca1-921560b99c52', 'System.Role.Delete', NULL);
INSERT INTO `sys_ui_with_api` (`id`, `ui_permission_id`, `permission_code`, `tenant_id`) VALUES ('3a01403a-0af1-f8c8-4eb5-d975503d3513', '3a013587-4bd8-a505-9ece-2192eccd09c4', 'System.Depart', NULL);
INSERT INTO `sys_ui_with_api` (`id`, `ui_permission_id`, `permission_code`, `tenant_id`) VALUES ('3a01403a-1fd3-df0f-3ea1-098ff27ee480', '3a0139e7-9b04-afdd-30ae-6aa7be65d791', 'System.Depart.Create', NULL);
INSERT INTO `sys_ui_with_api` (`id`, `ui_permission_id`, `permission_code`, `tenant_id`) VALUES ('3a01403a-32c0-01bf-0c62-47e6c4eac626', '3a0139e7-f33f-c577-251b-1c33d861afd6', 'System.Depart.Create', NULL);
INSERT INTO `sys_ui_with_api` (`id`, `ui_permission_id`, `permission_code`, `tenant_id`) VALUES ('3a01403a-454e-1daa-2f09-e0dd258494c2', '3a013a2d-e766-5f5f-fef4-676c4375e75d', 'System.Depart.Delete', NULL);
INSERT INTO `sys_ui_with_api` (`id`, `ui_permission_id`, `permission_code`, `tenant_id`) VALUES ('3a01403a-5d8d-ffae-b4b7-5d56957a7f49', '3a013a2e-b543-ab63-8c8b-e14a7092341a', 'System.Depart.Update', NULL);
INSERT INTO `sys_ui_with_api` (`id`, `ui_permission_id`, `permission_code`, `tenant_id`) VALUES ('3a01403a-7516-54ed-378a-87b94c1aa58c', '3a014032-5149-4d8f-55d7-df47e6f1e395', 'System.DepartQuery.User', NULL);
INSERT INTO `sys_ui_with_api` (`id`, `ui_permission_id`, `permission_code`, `tenant_id`) VALUES ('3a01403a-9b93-772e-8abf-014dfc0b2a31', '3a013587-eaac-3fbb-bf4a-8aafed602436', 'System.Post', NULL);
INSERT INTO `sys_ui_with_api` (`id`, `ui_permission_id`, `permission_code`, `tenant_id`) VALUES ('3a01403a-a9e0-3dac-f3ba-a1b176f2e2c1', '3a014032-b73c-9391-200c-7726c2dac486', 'System.Post.Create', NULL);
INSERT INTO `sys_ui_with_api` (`id`, `ui_permission_id`, `permission_code`, `tenant_id`) VALUES ('3a01403a-b818-2c3c-a2c3-a9257b639769', '3a014032-eda7-ba97-bf6b-6a37dfe0f31e', 'System.Post.Update', NULL);
INSERT INTO `sys_ui_with_api` (`id`, `ui_permission_id`, `permission_code`, `tenant_id`) VALUES ('3a01403a-c751-6ca1-cb93-1270f983837a', '3a014033-26ba-1f81-48f7-b3eacef27063', 'System.Post.Delete', NULL);
INSERT INTO `sys_ui_with_api` (`id`, `ui_permission_id`, `permission_code`, `tenant_id`) VALUES ('3a01403a-e5c9-ff67-b858-6b0a671bba26', '3a013588-9db6-20b6-df25-789e1c4614a6', 'System.UiPermission', NULL);
INSERT INTO `sys_ui_with_api` (`id`, `ui_permission_id`, `permission_code`, `tenant_id`) VALUES ('3a01403a-f8a9-a8c5-cdea-746bb828f11b', '3a014033-d09b-2317-260b-1a9103f305e5', 'System.UiPermission.Create', NULL);
INSERT INTO `sys_ui_with_api` (`id`, `ui_permission_id`, `permission_code`, `tenant_id`) VALUES ('3a01403b-08b7-ae98-88da-04a027e0d419', '3a014034-0816-f807-2129-06d581c1731a', 'System.UiPermission.Update', NULL);
INSERT INTO `sys_ui_with_api` (`id`, `ui_permission_id`, `permission_code`, `tenant_id`) VALUES ('3a01403b-19c2-412f-6983-14adb5b02f20', '3a014034-498e-9f82-9418-6add819128bb', 'System.UiPermission.Delete', NULL);
INSERT INTO `sys_ui_with_api` (`id`, `ui_permission_id`, `permission_code`, `tenant_id`) VALUES ('3a01403b-28d8-a9ae-7c32-a1639758249c', '3a014034-e61a-05c9-15cf-e0c01f79d933', 'System.UiPermission.RefreshBackgroundApi', NULL);
INSERT INTO `sys_ui_with_api` (`id`, `ui_permission_id`, `permission_code`, `tenant_id`) VALUES ('3a01403b-52a9-4b8b-87e5-01dbd479b92e', '3a013ba5-498b-7187-bba6-dfe5d646eabb', 'System.Dict', NULL);
INSERT INTO `sys_ui_with_api` (`id`, `ui_permission_id`, `permission_code`, `tenant_id`) VALUES ('3a01403b-61a3-3ce5-e391-c2f7443bd27e', '3a014035-bdc5-48c6-1c42-9270193d0843', 'System.Dict.Create', NULL);
INSERT INTO `sys_ui_with_api` (`id`, `ui_permission_id`, `permission_code`, `tenant_id`) VALUES ('3a01403b-7258-15cb-c118-8018b2b4ffa7', '3a014036-069f-a593-2cc8-48a8c5b46ce0', 'System.Dict.Update', NULL);
INSERT INTO `sys_ui_with_api` (`id`, `ui_permission_id`, `permission_code`, `tenant_id`) VALUES ('3a01403b-838e-d460-cb3e-1b615daf574a', '3a014036-5a8f-56a9-bf5d-f59552469089', 'System.Dict.Delete', NULL);
INSERT INTO `sys_ui_with_api` (`id`, `ui_permission_id`, `permission_code`, `tenant_id`) VALUES ('3a01403b-fc2d-c7af-1b3a-e5345e18c4c8', '3a013583-d14d-5498-4e0a-0df40587ce80', 'System.User', NULL);
INSERT INTO `sys_ui_with_api` (`id`, `ui_permission_id`, `permission_code`, `tenant_id`) VALUES ('3a014047-0b7f-47c4-2905-931a8ff31deb', '3a013578-e543-2667-84d3-0dfa69aac194', 'System.WithToken', NULL);
INSERT INTO `sys_ui_with_api` (`id`, `ui_permission_id`, `permission_code`, `tenant_id`) VALUES ('3a014047-0b7f-ea68-a344-f8c2ab92eb20', '3a013578-e543-2667-84d3-0dfa69aac194', 'System.Base', NULL);
INSERT INTO `sys_ui_with_api` (`id`, `ui_permission_id`, `permission_code`, `tenant_id`) VALUES ('3a0140bc-955e-419b-1eb2-fc720afbe808', '3a014032-5149-4d8f-55d7-df47e6f1e395', 'System.Depart.QueryUser', NULL);
INSERT INTO `sys_ui_with_api` (`id`, `ui_permission_id`, `permission_code`, `tenant_id`) VALUES ('3a01a748-e817-d2fe-28b3-7ff7ee40e866', '3a01a747-a2c7-2ad7-8cb4-1e389c43b552', 'System.ChangePassword', NULL);
INSERT INTO `sys_ui_with_api` (`id`, `ui_permission_id`, `permission_code`, `tenant_id`) VALUES ('3a01ad15-e374-3654-67ac-afc28fa876c8', '3a018e4a-6b40-af31-23b6-a7dcbc4bf4aa', 'Platform.DatabaseConnection', NULL);
INSERT INTO `sys_ui_with_api` (`id`, `ui_permission_id`, `permission_code`, `tenant_id`) VALUES ('3a01ad16-04c3-8a04-4b03-1fe1709deccc', '3a018e4b-124d-a2ce-48f6-b993c950c29c', 'Platform.Tenant', NULL);
INSERT INTO `sys_ui_with_api` (`id`, `ui_permission_id`, `permission_code`, `tenant_id`) VALUES ('3a01ad16-8158-d686-5159-1cefd963c0df', '3a01ad11-3f0e-733d-41f7-2c3995b82dab', 'Platform.Tenant.Update', NULL);
INSERT INTO `sys_ui_with_api` (`id`, `ui_permission_id`, `permission_code`, `tenant_id`) VALUES ('3a01ad16-e020-efa9-24e3-5814d68c5c5c', '3a01ad0e-e068-d197-f9c9-88dbd821ef2d', 'Platform.DatabaseConnection.Create', NULL);
INSERT INTO `sys_ui_with_api` (`id`, `ui_permission_id`, `permission_code`, `tenant_id`) VALUES ('3a01ad16-ffac-3a5c-49ce-255ab9b3ccb4', '3a01ad0f-5934-814d-5e79-e9274e9fb08a', 'Platform.DatabaseConnection.Update', NULL);
INSERT INTO `sys_ui_with_api` (`id`, `ui_permission_id`, `permission_code`, `tenant_id`) VALUES ('3a01ad17-1561-a4a7-1599-4eb46c123949', '3a01ad10-2003-92fc-c219-343800c0815f', 'Platform.DatabaseConnection.Delete', NULL);
INSERT INTO `sys_ui_with_api` (`id`, `ui_permission_id`, `permission_code`, `tenant_id`) VALUES ('3a01ad17-3e3a-15fa-56fa-ff4d68e881ce', '3a01ad10-f31e-d522-8fbd-39a9c1eadf76', 'Platform.Tenant.Create', NULL);
INSERT INTO `sys_ui_with_api` (`id`, `ui_permission_id`, `permission_code`, `tenant_id`) VALUES ('3a01ad17-57a6-ed0c-a659-ff67c89594ba', '3a01ad11-872f-6f61-f63f-d5bd23ce22fe', 'Platform.Tenant.Delete', NULL);

